gOTU,mean_abundance,occurrence,Unnamed: 0,Domain,Phylum,Class,Order,Family,Genus,Species,Strain,predicted_occurrence,lower_conf_int,upper_conf_int
G000648515,1.6161420265612943e-05,0.057971014492753624,4076,k__Bacteria,p__Proteobacteria,c__Gammaproteobacteria,o__Enterobacterales,f__Enterobacteriaceae,g__Citrobacter,s__Citrobacter freundii,t__,0.002366207983443558,9.283952119593444e-05,0.057127259992039214
G000173975,1.6161420265612943e-05,0.057971014492753624,949,k__Bacteria,p__Firmicutes,c__Clostridia,o__Clostridiales,f__Eubacteriaceae,g__Eubacterium,s__[Eubacterium] hallii,t__,0.002366207983443558,9.283952119593444e-05,0.057127259992039214
G000168735,1.6161420265612943e-05,0.057971014492753624,893,k__Bacteria,p__Proteobacteria,c__Gammaproteobacteria,o__,f__,g__Candidatus Endoriftia,s__Candidatus Endoriftia persephone,t__,0.002366207983443558,9.283952119593444e-05,0.057127259992039214
G000159095,1.6161420265612943e-05,0.057971014492753624,811,k__Bacteria,p__Firmicutes,c__Tissierellia,o__Tissierellales,f__Peptoniphilaceae,g__Anaerococcus,s__Anaerococcus tetradius,t__,0.002366207983443558,9.283952119593444e-05,0.057127259992039214
G000173795,1.6161420265612943e-05,0.057971014492753624,945,k__Bacteria,p__Firmicutes,c__Erysipelotrichia,o__Erysipelotrichales,f__Erysipelotrichaceae,g__Catenibacterium,s__Catenibacterium mitsuokai,t__,0.002366207983443558,9.283952119593444e-05,0.057127259992039214
G000972575,1.6161420265612943e-05,0.057971014492753624,5244,k__Bacteria,p__Firmicutes,c__Bacilli,o__Bacillales,f__Staphylococcaceae,g__Staphylococcus,s__Staphylococcus cohnii,t__Staphylococcus cohnii subsp. cohnii,0.002366207983443558,9.283952119593444e-05,0.057127259992039214
G001610955,1.6161420265612943e-05,0.057971014492753624,7449,k__Bacteria,p__Firmicutes,c__Bacilli,o__Bacillales,f__Bacillaceae,g__Geobacillus,s__Geobacillus thermoleovorans,t__,0.002366207983443558,9.283952119593444e-05,0.057127259992039214
G000979995,1.6161420265612943e-05,0.057971014492753624,5287,k__Archaea,p__Euryarchaeota,c__Methanomicrobia,o__Methanosarcinales,f__Methanosarcinaceae,g__Methanosarcina,s__Methanosarcina mazei,t__,0.002366207983443558,9.283952119593444e-05,0.057127259992039214
G000315505,1.6161420265612943e-05,0.057971014492753624,2028,k__Bacteria,p__Firmicutes,c__Negativicutes,o__Veillonellales,f__Veillonellaceae,g__Veillonella,s__Veillonella seminalis,t__,0.002366207983443558,9.283952119593444e-05,0.057127259992039214
G001299455,1.6161420265612943e-05,0.057971014492753624,6198,k__Bacteria,p__Firmicutes,c__Clostridia,o__Clostridiales,f__,g__,s__Clostridiales bacterium SIT11,t__,0.002366207983443558,9.283952119593444e-05,0.057127259992039214
G000236665,1.6161420265612943e-05,0.057971014492753624,1448,k__Bacteria,p__Proteobacteria,c__Betaproteobacteria,o__Rhodocyclales,f__Rhodocyclaceae,g__Azospira,s__Azospira oryzae,t__,0.002366207983443558,9.283952119593444e-05,0.057127259992039214
G000143845,1.6161420265612943e-05,0.057971014492753624,635,k__Bacteria,p__Actinobacteria,c__Coriobacteriia,o__Coriobacteriales,f__Atopobiaceae,g__Olsenella,s__Olsenella uli,t__,0.002366207983443558,9.283952119593444e-05,0.057127259992039214
G001941805,2.0201775332016175e-05,0.07246376811594203,9821,k__Bacteria,p__Proteobacteria,c__Gammaproteobacteria,o__Pseudomonadales,f__Moraxellaceae,g__Acinetobacter,s__Acinetobacter junii,t__,0.0029569730706027197,0.00014231956274972368,0.058196999462942565
G000455385,2.0201775332016175e-05,0.07246376811594203,3404,k__Bacteria,p__Proteobacteria,c__Gammaproteobacteria,o__Pseudomonadales,f__Pseudomonadaceae,g__Pseudomonas,s__Pseudomonas alcaligenes,t__,0.0029569730706027197,0.00014231956274972368,0.058196999462942565
G000157935,2.0201775332016175e-05,0.07246376811594203,785,k__Bacteria,p__Bacteroidetes,c__Bacteroidia,o__Bacteroidales,f__Prevotellaceae,g__Prevotella,s__Prevotella copri,t__,0.0029569730706027197,0.00014231956274972368,0.058196999462942565
G000155435,2.4242130398419414e-05,0.07246376811594203,750,k__Bacteria,p__Firmicutes,c__Clostridia,o__Clostridiales,f__,g__,s__Clostridiales bacterium 1_7_47FAA,t__,0.003547423668435856,0.00020116784498692974,0.059256774885120024
G000156575,2.4242130398419414e-05,0.07246376811594203,778,k__Bacteria,p__Firmicutes,c__Tissierellia,o__Tissierellales,f__Peptoniphilaceae,g__Anaerococcus,s__Anaerococcus lactolyticus,t__,0.003547423668435856,0.00020116784498692974,0.059256774885120024
G000069945,2.4242130398419414e-05,0.07246376811594203,582,k__Bacteria,p__Actinobacteria,c__Actinobacteria,o__Corynebacteriales,f__Corynebacteriaceae,g__Corynebacterium,s__Corynebacterium urealyticum,t__,0.003547423668435856,0.00020116784498692974,0.059256774885120024
G000025225,2.4242130398419414e-05,0.07246376811594203,521,k__Bacteria,p__Firmicutes,c__Clostridia,o__Clostridiales,f__Ruminococcaceae,g__Mageeibacillus,s__Mageeibacillus indolicus,t__,0.003547423668435856,0.00020116784498692974,0.059256774885120024
G900111835,2.4242130398419414e-05,0.07246376811594203,10326,k__Bacteria,p__Proteobacteria,c__Gammaproteobacteria,o__Pseudomonadales,f__Pseudomonadaceae,g__Pseudomonas,s__Pseudomonas otitidis,t__,0.003547423668435856,0.00020116784498692974,0.059256774885120024
G000315485,2.4242130398419414e-05,0.07246376811594203,2027,k__Bacteria,p__Bacteroidetes,c__Bacteroidia,o__Bacteroidales,f__Bacteroidaceae,g__Bacteroides,s__Bacteroides oleiciplenus,t__,0.003547423668435856,0.00020116784498692974,0.059256774885120024
G000367345,2.4242130398419414e-05,0.07246376811594203,2336,k__Bacteria,p__Proteobacteria,c__Alphaproteobacteria,o__Sphingomonadales,f__Sphingomonadaceae,g__Sphingobium,s__Sphingobium xenophagum,t__,0.003547423668435856,0.00020116784498692974,0.059256774885120024
G001632805,2.4242130398419414e-05,0.07246376811594203,7554,k__Bacteria,p__Actinobacteria,c__Actinobacteria,o__Corynebacteriales,f__Mycobacteriaceae,g__Mycobacterium,s__Mycobacterium chelonae,t__,0.003547423668435856,0.00020116784498692974,0.059256774885120024
G000247715,2.4242130398419414e-05,0.07246376811594203,1566,k__Bacteria,p__Actinobacteria,c__Actinobacteria,o__Corynebacteriales,f__Gordoniaceae,g__Gordonia,s__Gordonia polyisoprenivorans,t__,0.003547423668435856,0.00020116784498692974,0.059256774885120024
G001876005,2.4242130398419414e-05,0.08695652173913043,9547,k__Bacteria,p__Actinobacteria,c__Actinobacteria,o__Corynebacteriales,f__Corynebacteriaceae,g__Corynebacterium,s__Corynebacterium diphtheriae,t__,0.003547423668435856,0.00020116784498692974,0.059256774885120024
G000026745,2.828248546482265e-05,0.10144927536231885,555,k__Bacteria,p__Firmicutes,c__Bacilli,o__Lactobacillales,f__Streptococcaceae,g__Streptococcus,s__Streptococcus suis,t__,0.004137559914006328,0.0002689000059158293,0.060307070880233335
G000013745,2.828248546482265e-05,0.07246376811594203,204,k__Bacteria,p__Proteobacteria,c__Alphaproteobacteria,o__Rhizobiales,f__Bradyrhizobiaceae,g__Rhodopseudomonas,s__Rhodopseudomonas palustris,t__,0.004137559914006328,0.0002689000059158293,0.060307070880233335
G000146345,2.828248546482265e-05,0.10144927536231885,661,k__Bacteria,p__Firmicutes,c__Tissierellia,o__Tissierellales,f__Peptoniphilaceae,g__Peptoniphilus,s__Peptoniphilus duerdenii,t__,0.004137559914006328,0.0002689000059158293,0.060307070880233335
G000233655,2.828248546482265e-05,0.07246376811594203,1420,k__Bacteria,p__Actinobacteria,c__Actinobacteria,o__Micrococcales,f__Dermabacteraceae,g__Brachybacterium,s__Brachybacterium paraconglomeratum,t__,0.004137559914006328,0.0002689000059158293,0.060307070880233335
G900106575,2.828248546482265e-05,0.10144927536231885,10209,k__Bacteria,p__Bacteroidetes,c__Flavobacteriia,o__Flavobacteriales,f__Flavobacteriaceae,g__Capnocytophaga,s__Capnocytophaga granulosa,t__,0.004137559914006328,0.0002689000059158293,0.060307070880233335
G000262245,2.828248546482265e-05,0.07246376811594203,1646,k__Bacteria,p__Proteobacteria,c__Gammaproteobacteria,o__Pasteurellales,f__Pasteurellaceae,g__Pasteurella,s__Pasteurella bettyae,t__,0.004137559914006328,0.0002689000059158293,0.060307070880233335
G000187125,2.828248546482265e-05,0.07246376811594203,1069,k__Bacteria,p__Firmicutes,c__Negativicutes,o__Selenomonadales,f__Selenomonadaceae,g__Selenomonas,s__Selenomonas artemidis,t__,0.004137559914006328,0.0002689000059158293,0.060307070880233335
G000372405,2.828248546482265e-05,0.08695652173913043,2367,k__Bacteria,p__Bacteroidetes,c__Bacteroidia,o__Bacteroidales,f__Porphyromonadaceae,g__Porphyromonas,s__Porphyromonas somerae,t__,0.004137559914006328,0.0002689000059158293,0.060307070880233335
G001866515,2.828248546482265e-05,0.07246376811594203,9401,k__Bacteria,p__Proteobacteria,c__Betaproteobacteria,o__Burkholderiales,f__Oxalobacteraceae,g__Massilia,s__Massilia timonae,t__,0.004137559914006328,0.0002689000059158293,0.060307070880233335
G000466425,2.828248546482265e-05,0.08695652173913043,3424,k__Bacteria,p__Bacteroidetes,c__Flavobacteriia,o__Flavobacteriales,f__Flavobacteriaceae,g__Capnocytophaga,s__Capnocytophaga sp. oral taxon 863,t__,0.004137559914006328,0.0002689000059158293,0.060307070880233335
G000245815,3.2322840531225886e-05,0.07246376811594203,1552,k__Bacteria,p__Firmicutes,c__Bacilli,o__Lactobacillales,f__Carnobacteriaceae,g__Dolosigranulum,s__Dolosigranulum pigrum,t__,0.004727381944345521,0.0003450714898824009,0.06134833226354597
G000478985,3.2322840531225886e-05,0.07246376811594203,3515,k__Bacteria,p__Firmicutes,c__Tissierellia,o__Tissierellales,f__Peptoniphilaceae,g__Peptoniphilus,s__Peptoniphilus sp. BV3C26,t__,0.004727381944345521,0.0003450714898824009,0.06134833226354597
G001708485,3.2322840531225886e-05,0.07246376811594203,7777,k__Bacteria,p__Proteobacteria,c__Gammaproteobacteria,o__Pseudomonadales,f__Pseudomonadaceae,g__Pseudomonas,s__Pseudomonas fluorescens,t__,0.004727381944345521,0.0003450714898824009,0.06134833226354597
G000381265,3.2322840531225886e-05,0.07246376811594203,2556,k__Bacteria,p__Proteobacteria,c__Betaproteobacteria,o__Burkholderiales,f__Comamonadaceae,g__Curvibacter,s__Curvibacter lanceolatus,t__,0.004727381944345521,0.0003450714898824009,0.06134833226354597
G000799115,3.2322840531225886e-05,0.10144927536231885,4848,k__Bacteria,p__Bacteroidetes,c__Sphingobacteriia,o__Sphingobacteriales,f__Sphingobacteriaceae,g__Pedobacter,s__Pedobacter glucosidilyticus,t__,0.004727381944345521,0.0003450714898824009,0.06134833226354597
G000746645,3.2322840531225886e-05,0.07246376811594203,4602,k__Bacteria,p__Proteobacteria,c__Gammaproteobacteria,o__Pseudomonadales,f__Moraxellaceae,g__Acinetobacter,s__Acinetobacter baumannii,t__,0.004727381944345521,0.0003450714898824009,0.06134833226354597
G000312365,3.2322840531225886e-05,0.10144927536231885,1990,k__Bacteria,p__Firmicutes,c__Tissierellia,o__Tissierellales,f__Peptoniphilaceae,g__Anaerococcus,s__Anaerococcus provenciensis,t__,0.004727381944345521,0.0003450714898824009,0.06134833226354597
G000218565,3.2322840531225886e-05,0.08695652173913043,1292,k__Bacteria,p__Proteobacteria,c__Alphaproteobacteria,o__Rhizobiales,f__Bradyrhizobiaceae,g__Oligotropha,s__Oligotropha carboxidovorans,t__,0.004727381944345521,0.0003450714898824009,0.06134833226354597
G000287655,3.636319559762912e-05,0.11594202898550725,1794,k__Bacteria,p__Firmicutes,c__Negativicutes,o__Selenomonadales,f__Selenomonadaceae,g__Selenomonas,s__Selenomonas sp. FOBRC9,t__,0.005316889896379018,0.00042927310183626943,0.06238096848951731
G000426605,3.636319559762912e-05,0.10144927536231885,3035,k__Bacteria,p__Actinobacteria,c__Actinobacteria,o__Propionibacteriales,f__Propionibacteriaceae,g__Propionibacterium,s__Propionibacterium acidifaciens,t__,0.005316889896379018,0.00042927310183626943,0.06238096848951731
G000380065,3.636319559762912e-05,0.10144927536231885,2534,k__Bacteria,p__Firmicutes,c__Bacilli,o__Lactobacillales,f__Streptococcaceae,g__Streptococcus,s__Streptococcus massiliensis,t__,0.005316889896379018,0.00042927310183626943,0.06238096848951731
G000192225,3.636319559762912e-05,0.08695652173913043,1111,k__Bacteria,p__Bacteroidetes,c__Flavobacteriia,o__Flavobacteriales,f__Flavobacteriaceae,g__Capnocytophaga,s__Capnocytophaga sp. oral taxon 338,t__,0.005316889896379018,0.00042927310183626943,0.06238096848951731
G000705255,3.636319559762912e-05,0.08695652173913043,4254,k__Bacteria,p__Proteobacteria,c__Epsilonproteobacteria,o__Campylobacterales,f__Campylobacteraceae,g__Campylobacter,s__Campylobacter mucosalis,t__,0.005316889896379018,0.00042927310183626943,0.06238096848951731
G000260275,3.636319559762912e-05,0.07246376811594203,1635,k__Bacteria,p__Firmicutes,c__Bacilli,o__Bacillales,f__Staphylococcaceae,g__Staphylococcus,s__Staphylococcus pettenkoferi,t__,0.005316889896379018,0.00042927310183626943,0.06238096848951731
G000758845,3.636319559762912e-05,0.08695652173913043,4683,k__Bacteria,p__Firmicutes,c__Tissierellia,o__,f__,g__,s__Tissierellia bacterium S7-1-4,t__,0.005316889896379018,0.00042927310183626943,0.06238096848951731
G000156035,3.636319559762912e-05,0.11594202898550725,766,k__Bacteria,p__Firmicutes,c__Clostridia,o__Clostridiales,f__Lachnospiraceae,g__Tyzzerella,s__Tyzzerella nexilis,t__,0.005316889896379018,0.00042927310183626943,0.06238096848951731
G000160435,3.636319559762912e-05,0.08695652173913043,828,k__Bacteria,p__Proteobacteria,c__Betaproteobacteria,o__Neisseriales,f__Neisseriaceae,g__Kingella,s__Kingella oralis,t__,0.005316889896379018,0.00042927310183626943,0.06238096848951731
G001982185,3.636319559762912e-05,0.07246376811594203,9869,k__Bacteria,p__Firmicutes,c__Bacilli,o__Lactobacillales,f__Lactobacillaceae,g__Lactobacillus,s__Lactobacillus fermentum,t__,0.005316889896379018,0.00042927310183626943,0.06238096848951731
G000190695,4.040355066403235e-05,0.07246376811594203,1100,k__Bacteria,p__Proteobacteria,c__Betaproteobacteria,o__Neisseriales,f__Neisseriaceae,g__Kingella,s__Kingella denitrificans,t__,0.005906083907097903,0.000521127180869975,0.06340535747858794
G000454045,4.040355066403235e-05,0.07246376811594203,3394,k__Bacteria,p__Actinobacteria,c__Actinobacteria,o__Corynebacteriales,f__Nocardiaceae,g__Rhodococcus,s__Rhodococcus erythropolis,t__,0.005906083907097903,0.000521127180869975,0.06340535747858794
G000758965,4.040355066403235e-05,0.07246376811594203,4687,k__Bacteria,p__Actinobacteria,c__Actinobacteria,o__Corynebacteriales,f__Corynebacteriaceae,g__Corynebacterium,s__Corynebacterium freneyi,t__,0.005906083907097903,0.000521127180869975,0.06340535747858794
G000378725,4.040355066403235e-05,0.10144927536231885,2491,k__Bacteria,p__Firmicutes,c__Tissierellia,o__Tissierellales,f__Peptoniphilaceae,g__Peptoniphilus,s__Peptoniphilus lacrimalis,t__,0.005906083907097903,0.000521127180869975,0.06340535747858794
G000369145,4.040355066403235e-05,0.08695652173913043,2349,k__Bacteria,p__Proteobacteria,c__Gammaproteobacteria,o__Pseudomonadales,f__Moraxellaceae,g__Acinetobacter,s__Acinetobacter lwoffii,t__,0.005906083907097903,0.000521127180869975,0.06340535747858794
G000833575,4.040355066403235e-05,0.10144927536231885,5034,k__Bacteria,p__Actinobacteria,c__Actinobacteria,o__Corynebacteriales,f__Corynebacteriaceae,g__Corynebacterium,s__Corynebacterium singulare,t__,0.005906083907097903,0.000521127180869975,0.06340535747858794
G000277715,4.040355066403235e-05,0.08695652173913043,1719,k__Bacteria,p__Actinobacteria,c__Actinobacteria,o__Propionibacteriales,f__Propionibacteriaceae,g__Pseudopropionibacterium,s__Pseudopropionibacterium propionicum,t__,0.005906083907097903,0.000521127180869975,0.06340535747858794
G000312445,4.040355066403235e-05,0.11594202898550725,1994,k__Bacteria,p__Bacteroidetes,c__Bacteroidia,o__Bacteroidales,f__,g__Phocaeicola,s__Phocaeicola abscessus,t__,0.005906083907097903,0.000521127180869975,0.06340535747858794
G000146855,4.040355066403235e-05,0.07246376811594203,664,k__Bacteria,p__Firmicutes,c__Clostridia,o__Clostridiales,f__Peptostreptococcaceae,g__Peptoanaerobacter,s__[Eubacterium] yurii,t__[Eubacterium] yurii subsp. margaretiae,0.005906083907097903,0.000521127180869975,0.06340535747858794
G000447775,4.040355066403235e-05,0.10144927536231885,3389,k__Bacteria,p__Proteobacteria,c__Deltaproteobacteria,o__Bdellovibrionales,f__Bacteriovoracaceae,g__Bacteriovorax,s__Bacteriovorax sp. DB6_IX,t__,0.005906083907097903,0.000521127180869975,0.06340535747858794
G000308295,4.040355066403235e-05,0.07246376811594203,1931,k__Bacteria,p__Proteobacteria,c__Alphaproteobacteria,o__Rhizobiales,f__Bradyrhizobiaceae,g__Afipia,s__Afipia birgiae,t__,0.005906083907097903,0.000521127180869975,0.06340535747858794
G000019725,4.040355066403235e-05,0.07246376811594203,361,k__Bacteria,p__Proteobacteria,c__Alphaproteobacteria,o__Rhizobiales,f__Methylobacteriaceae,g__Methylobacterium,s__Methylobacterium radiotolerans,t__,0.005906083907097903,0.000521127180869975,0.06340535747858794
G000023925,4.040355066403235e-05,0.07246376811594203,470,k__Bacteria,p__Actinobacteria,c__Actinobacteria,o__Micrococcales,f__Dermacoccaceae,g__Kytococcus,s__Kytococcus sedentarius,t__,0.005906083907097903,0.000521127180869975,0.06340535747858794
G000980895,4.040355066403235e-05,0.10144927536231885,5300,k__Bacteria,p__Proteobacteria,c__Alphaproteobacteria,o__Sphingomonadales,f__Sphingomonadaceae,g__Sphingomonas,s__Sphingomonas sp. Ag1,t__,0.005906083907097903,0.000521127180869975,0.06340535747858794
G001456215,4.4443905730435586e-05,0.08695652173913043,6788,k__Bacteria,p__Firmicutes,c__Bacilli,o__Bacillales,f__Staphylococcaceae,g__Staphylococcus,s__Staphylococcus aureus,t__,0.006494964113363477,0.0006202842906406839,0.06442184892638786
G000007565,4.4443905730435586e-05,0.08695652173913043,28,k__Bacteria,p__Proteobacteria,c__Gammaproteobacteria,o__Pseudomonadales,f__Pseudomonadaceae,g__Pseudomonas,s__Pseudomonas putida,t__,0.006494964113363477,0.0006202842906406839,0.06442184892638786
G000565015,4.4443905730435586e-05,0.10144927536231885,3837,k__Bacteria,p__Bacteroidetes,c__Bacteroidia,o__Bacteroidales,f__Porphyromonadaceae,g__Porphyromonas,s__Porphyromonas catoniae,t__,0.006494964113363477,0.0006202842906406839,0.06442184892638786
G000614065,4.4443905730435586e-05,0.07246376811594203,3944,k__Bacteria,p__Bacteroidetes,c__Bacteroidia,o__Bacteroidales,f__Prevotellaceae,g__Prevotella,s__Prevotella dentasini,t__,0.006494964113363477,0.0006202842906406839,0.06442184892638786
G000747315,4.4443905730435586e-05,0.08695652173913043,4610,k__Bacteria,p__Actinobacteria,c__Actinobacteria,o__Corynebacteriales,f__Corynebacteriaceae,g__Corynebacterium,s__Corynebacterium ureicelerivorans,t__,0.006494964113363477,0.0006202842906406839,0.06442184892638786
G000496735,4.4443905730435586e-05,0.10144927536231885,3591,k__Bacteria,p__Proteobacteria,c__Gammaproteobacteria,o__Methylococcales,f__Methylococcaceae,g__Methyloglobulus,s__Methyloglobulus morosus,t__,0.006494964113363477,0.0006202842906406839,0.06442184892638786
G001605965,4.848426079683883e-05,0.11594202898550725,7441,k__Bacteria,p__Proteobacteria,c__Gammaproteobacteria,o__Pseudomonadales,f__Pseudomonadaceae,g__Pseudomonas,s__Pseudomonas koreensis,t__,0.007083530652078895,0.0007264203438723596,0.06543076717955967
G000006605,4.848426079683883e-05,0.08695652173913043,2,k__Bacteria,p__Actinobacteria,c__Actinobacteria,o__Corynebacteriales,f__Corynebacteriaceae,g__Corynebacterium,s__Corynebacterium jeikeium,t__,0.007083530652078895,0.0007264203438723596,0.06543076717955967
G000159155,4.848426079683883e-05,0.07246376811594203,813,k__Bacteria,p__Actinobacteria,c__Actinobacteria,o__Bifidobacteriales,f__Bifidobacteriaceae,g__Gardnerella,s__Gardnerella vaginalis,t__,0.007083530652078895,0.0007264203438723596,0.06543076717955967
G000827595,4.848426079683883e-05,0.10144927536231885,4973,k__Bacteria,p__Proteobacteria,c__Gammaproteobacteria,o__Pasteurellales,f__Pasteurellaceae,g__Necropsobacter,s__Necropsobacter massiliensis,t__,0.007083530652078895,0.0007264203438723596,0.06543076717955967
G000177375,4.848426079683883e-05,0.07246376811594203,987,k__Bacteria,p__Firmicutes,c__Erysipelotrichia,o__Erysipelotrichales,f__Erysipelotrichaceae,g__Bulleidia,s__Bulleidia extructa,t__,0.007083530652078895,0.0007264203438723596,0.06543076717955967
G000935165,4.848426079683883e-05,0.07246376811594203,5062,k__Bacteria,p__Proteobacteria,c__Betaproteobacteria,o__Burkholderiales,f__Comamonadaceae,g__Comamonas,s__Comamonas aquatica,t__,0.007083530652078895,0.0007264203438723596,0.06543076717955967
G000163695,4.848426079683883e-05,0.13043478260869565,859,k__Bacteria,p__Bacteroidetes,c__,o__,f__,g__,s__Bacteroidetes oral taxon 274,t__,0.007083530652078895,0.0007264203438723596,0.06543076717955967
G000160655,4.848426079683883e-05,0.08695652173913043,835,k__Bacteria,p__Proteobacteria,c__Gammaproteobacteria,o__Cardiobacteriales,f__Cardiobacteriaceae,g__Cardiobacterium,s__Cardiobacterium hominis,t__,0.007083530652078895,0.0007264203438723596,0.06543076717955967
G000411115,4.848426079683883e-05,0.14492753623188406,2766,k__Bacteria,p__Bacteroidetes,c__Flavobacteriia,o__Flavobacteriales,f__Flavobacteriaceae,g__Capnocytophaga,s__Capnocytophaga granulosa,t__,0.007083530652078895,0.0007264203438723596,0.06543076717955967
G000411555,4.848426079683883e-05,0.10144927536231885,2773,k__Bacteria,p__Actinobacteria,c__Coriobacteriia,o__Coriobacteriales,f__Atopobiaceae,g__Atopobium,s__Atopobium sp. oral taxon 199,t__,0.007083530652078895,0.0007264203438723596,0.06543076717955967
G000160535,4.848426079683883e-05,0.10144927536231885,830,k__Bacteria,p__Bacteroidetes,c__Bacteroidia,o__Bacteroidales,f__Prevotellaceae,g__Prevotella,s__Prevotella bergensis,t__,0.007083530652078895,0.0007264203438723596,0.06543076717955967
G000293175,4.848426079683883e-05,0.11594202898550725,1800,k__Bacteria,p__Bacteroidetes,c__Flavobacteriia,o__Flavobacteriales,f__Flavobacteriaceae,g__Capnocytophaga,s__Capnocytophaga sp. CM59,t__,0.007083530652078895,0.0007264203438723596,0.06543076717955967
G000185145,5.2524615863242064e-05,0.11594202898550725,1043,k__Bacteria,p__Bacteroidetes,c__Bacteroidia,o__Bacteroidales,f__Prevotellaceae,g__Prevotella,s__Prevotella oralis,t__,0.007671783660117004,0.0008392340932154851,0.066432413744762
G000235445,5.2524615863242064e-05,0.11594202898550725,1432,k__Bacteria,p__Firmicutes,c__Clostridia,o__Clostridiales,f__Lachnospiraceae,g__Johnsonella,s__Johnsonella ignava,t__,0.007671783660117004,0.0008392340932154851,0.066432413744762
G000472385,5.2524615863242064e-05,0.07246376811594203,3472,k__Bacteria,p__Proteobacteria,c__Alphaproteobacteria,o__Rhizobiales,f__Bradyrhizobiaceae,g__Bradyrhizobium,s__Bradyrhizobium sp. ARR65,t__,0.007671783660117004,0.0008392340932154851,0.066432413744762
G001283625,5.2524615863242064e-05,0.11594202898550725,6157,k__Bacteria,p__Proteobacteria,c__Gammaproteobacteria,o__Enterobacterales,f__Enterobacteriaceae,g__Escherichia,s__Escherichia coli,t__,0.007671783660117004,0.0008392340932154851,0.066432413744762
G000426665,5.2524615863242064e-05,0.14492753623188406,3038,k__Bacteria,p__Firmicutes,c__Negativicutes,o__Selenomonadales,f__Selenomonadaceae,g__Selenomonas,s__Selenomonas artemidis,t__,0.007671783660117004,0.0008392340932154851,0.066432413744762
G000013885,5.2524615863242064e-05,0.07246376811594203,207,k__Bacteria,p__Proteobacteria,c__Alphaproteobacteria,o__Rhizobiales,f__Bradyrhizobiaceae,g__Nitrobacter,s__Nitrobacter hamburgensis,t__,0.007671783660117004,0.0008392340932154851,0.066432413744762
G900111525,5.65649709296453e-05,0.11594202898550725,10318,k__Bacteria,p__Bacteroidetes,c__Bacteroidia,o__Bacteroidales,f__Prevotellaceae,g__Prevotella,s__Prevotella sp. kh1p2,t__,0.008259723274242514,0.0009584449329766848,0.0674270694867924
G000813765,5.65649709296453e-05,0.11594202898550725,4903,k__Bacteria,p__Proteobacteria,c__Alphaproteobacteria,o__Caulobacterales,f__Caulobacteraceae,g__Brevundimonas,s__Brevundimonas nasdae,t__,0.008259723274242514,0.0009584449329766848,0.0674270694867924
G000468055,5.65649709296453e-05,0.08695652173913043,3437,k__Bacteria,p__Spirochaetes,c__Spirochaetia,o__Spirochaetales,f__Spirochaetaceae,g__Treponema,s__Treponema lecithinolyticum,t__,0.008259723274242514,0.0009584449329766848,0.0674270694867924
G000092025,5.65649709296453e-05,0.08695652173913043,599,k__Bacteria,p__Proteobacteria,c__Alphaproteobacteria,o__Rhizobiales,f__Rhizobiaceae,g__Agrobacterium,s__Agrobacterium fabrum,t__,0.008259723274242514,0.0009584449329766848,0.0674270694867924
G001262035,5.65649709296453e-05,0.14492753623188406,6056,k__Bacteria,p__Proteobacteria,c__Gammaproteobacteria,o__Pasteurellales,f__Pasteurellaceae,g__Aggregatibacter,s__Aggregatibacter aphrophilus,t__,0.008259723274242514,0.0009584449329766848,0.0674270694867924
G000805675,5.65649709296453e-05,0.11594202898550725,4879,k__Bacteria,p__Actinobacteria,c__Actinobacteria,o__Corynebacteriales,f__Corynebacteriaceae,g__Corynebacterium,s__Corynebacterium minutissimum,t__,0.008259723274242514,0.0009584449329766848,0.0674270694867924
G000429265,5.65649709296453e-05,0.11594202898550725,3104,k__Bacteria,p__Actinobacteria,c__Actinobacteria,o__Actinomycetales,f__Actinomycetaceae,g__Actinomyces,s__Actinomyces gerencseriae,t__,0.008259723274242514,0.0009584449329766848,0.0674270694867924
G001828765,6.060532599604853e-05,0.10144927536231885,9320,k__Bacteria,p__Proteobacteria,c__Gammaproteobacteria,o__Pseudomonadales,f__,g__,s__Pseudomonadales bacterium RIFCSPHIGHO2_12_FULL_40_16,t__,0.008847349631263102,0.0010837909659306838,0.0684149965620618
G000013365,6.060532599604853e-05,0.07246376811594203,194,k__Bacteria,p__Proteobacteria,c__Alphaproteobacteria,o__Rhizobiales,f__Bradyrhizobiaceae,g__Rhodopseudomonas,s__Rhodopseudomonas palustris,t__,0.008847349631263102,0.0010837909659306838,0.0684149965620618
G001878775,6.060532599604853e-05,0.10144927536231885,9557,k__Bacteria,p__Proteobacteria,c__Gammaproteobacteria,o__Pseudomonadales,f__Moraxellaceae,g__Acinetobacter,s__Acinetobacter sp. AR2-3,t__,0.008847349631263102,0.0010837909659306838,0.0684149965620618
G001898505,6.060532599604853e-05,0.11594202898550725,9622,k__Bacteria,p__Bacteroidetes,c__Sphingobacteriia,o__Sphingobacteriales,f__,g__,s__Sphingobacteriales bacterium 50-39,t__,0.008847349631263102,0.0010837909659306838,0.0684149965620618
G000219275,6.060532599604853e-05,0.15942028985507245,1304,k__Bacteria,p__Proteobacteria,c__Gammaproteobacteria,o__Pseudomonadales,f__Moraxellaceae,g__Acinetobacter,s__Acinetobacter lwoffii,t__,0.008847349631263102,0.0010837909659306838,0.0684149965620618
G001447195,6.060532599604853e-05,0.08695652173913043,6775,k__Bacteria,p__Proteobacteria,c__Betaproteobacteria,o__Burkholderiales,f__,g__Aquabacterium,s__Aquabacterium parvum,t__,0.008847349631263102,0.0010837909659306838,0.0684149965620618
G001276605,6.060532599604853e-05,0.11594202898550725,6111,k__Bacteria,p__Proteobacteria,c__Gammaproteobacteria,o__Thiotrichales,f__Thiotrichaceae,g__Achromatium,s__Achromatium sp. WMS2,t__,0.008847349631263102,0.0010837909659306838,0.0684149965620618
G000488855,6.060532599604853e-05,0.11594202898550725,3555,k__Bacteria,p__Firmicutes,c__Clostridia,o__Clostridiales,f__Clostridiales Family XIII. Incertae Sedis,g__,s__[Eubacterium] brachy,t__,0.008847349631263102,0.0010837909659306838,0.0684149965620618
G000318135,6.060532599604853e-05,0.13043478260869565,2075,k__Bacteria,p__Actinobacteria,c__Actinobacteria,o__Corynebacteriales,f__Corynebacteriaceae,g__Corynebacterium,s__Corynebacterium durum,t__,0.008847349631263102,0.0010837909659306838,0.0684149965620618
G001592855,6.060532599604853e-05,0.13043478260869565,7349,k__Bacteria,p__Proteobacteria,c__Gammaproteobacteria,o__Pseudomonadales,f__Moraxellaceae,g__Acinetobacter,s__Acinetobacter sp. BMW17,t__,0.008847349631263102,0.0010837909659306838,0.0684149965620618
G000315525,6.464568106245177e-05,0.10144927536231885,2029,k__Bacteria,p__Proteobacteria,c__Alphaproteobacteria,o__Sphingomonadales,f__Sphingomonadaceae,g__Sphingobium,s__Sphingobium yanoikuyae,t__,0.009434662867954913,0.0012150272970701467,0.06939644012470345
G001586215,6.464568106245177e-05,0.10144927536231885,7315,k__Bacteria,p__Actinobacteria,c__Actinobacteria,o__Corynebacteriales,f__Corynebacteriaceae,g__Corynebacterium,s__Corynebacterium simulans,t__,0.009434662867954913,0.0012150272970701467,0.06939644012470345
G000318255,6.464568106245177e-05,0.08695652173913043,2076,k__Bacteria,p__Bacteroidetes,c__Flavobacteriia,o__Flavobacteriales,f__Flavobacteriaceae,g__Capnocytophaga,s__Capnocytophaga sp. oral taxon 380,t__,0.009434662867954913,0.0012150272970701467,0.06939644012470345
G000016565,6.464568106245177e-05,0.08695652173913043,288,k__Bacteria,p__Proteobacteria,c__Gammaproteobacteria,o__Pseudomonadales,f__Pseudomonadaceae,g__Pseudomonas,s__Pseudomonas mendocina,t__,0.009434662867954913,0.0012150272970701467,0.06939644012470345
G000024225,6.464568106245177e-05,0.07246376811594203,484,k__Bacteria,p__Actinobacteria,c__Coriobacteriia,o__Coriobacteriales,f__Atopobiaceae,g__Atopobium,s__Atopobium parvulum,t__,0.009434662867954913,0.0012150272970701467,0.06939644012470345
G000349585,6.868603612885501e-05,0.08695652173913043,2304,k__Bacteria,p__Actinobacteria,c__Actinobacteria,o__Corynebacteriales,f__Dietziaceae,g__Dietzia,s__Dietzia sp. UCD-THP,t__,0.01002166312098629,0.001351924522569152,0.07037162983746487
G000786195,6.868603612885501e-05,0.07246376811594203,4827,k__Bacteria,p__Actinobacteria,c__Actinobacteria,o__Micrococcales,f__Micrococcaceae,g__Kocuria,s__Kocuria polaris,t__,0.01002166312098629,0.001351924522569152,0.07037162983746487
G001543285,6.868603612885501e-05,0.10144927536231885,7100,k__Bacteria,p__Firmicutes,c__Bacilli,o__Lactobacillales,f__Aerococcaceae,g__Aerococcus,s__Aerococcus viridans,t__,0.01002166312098629,0.001351924522569152,0.07037162983746487
G000308055,6.868603612885501e-05,0.07246376811594203,1926,k__Bacteria,p__Actinobacteria,c__Actinobacteria,o__Actinomycetales,f__Actinomycetaceae,g__Actinomyces,s__Actinomyces sp. ph3,t__,0.01002166312098629,0.001351924522569152,0.07037162983746487
G000177555,6.868603612885501e-05,0.08695652173913043,989,k__Bacteria,p__Firmicutes,c__Negativicutes,o__Veillonellales,f__Veillonellaceae,g__Megasphaera,s__Megasphaera genomosp. type_1,t__,0.01002166312098629,0.001351924522569152,0.07037162983746487
G000297495,6.868603612885501e-05,0.10144927536231885,1835,k__Bacteria,p__Actinobacteria,c__Actinobacteria,o__Micrococcales,f__Intrasporangiaceae,g__Janibacter,s__Janibacter hoylei,t__,0.01002166312098629,0.001351924522569152,0.07037162983746487
G000160555,6.868603612885501e-05,0.08695652173913043,831,k__Bacteria,p__Firmicutes,c__Negativicutes,o__Selenomonadales,f__Selenomonadaceae,g__Selenomonas,s__Selenomonas noxia,t__,0.01002166312098629,0.001351924522569152,0.07037162983746487
G001070855,7.272639119525824e-05,0.07246376811594203,5977,k__Bacteria,p__Actinobacteria,c__Actinobacteria,o__Actinomycetales,f__Actinomycetaceae,g__Trueperella,s__Trueperella pyogenes,t__,0.01060835052706921,0.0014942673873799828,0.07134078121439816
G000564995,7.272639119525824e-05,0.15942028985507245,3836,k__Bacteria,p__Actinobacteria,c__Coriobacteriia,o__Coriobacteriales,f__Atopobiaceae,g__Atopobium,s__Atopobium sp. ICM42b,t__,0.01060835052706921,0.0014942673873799828,0.07134078121439816
G001746855,7.272639119525824e-05,0.14492753623188406,7851,k__Bacteria,p__Actinobacteria,c__Actinobacteria,o__Actinomycetales,f__Actinomycetaceae,g__Actinomyces,s__Actinomyces hongkongensis,t__,0.01060835052706921,0.0014942673873799828,0.07134078121439816
G001457795,7.272639119525824e-05,0.13043478260869565,6795,k__Bacteria,p__Actinobacteria,c__Coriobacteriia,o__Coriobacteriales,f__Atopobiaceae,g__Olsenella,s__Olsenella sp. SIT9,t__,0.01060835052706921,0.0014942673873799828,0.07134078121439816
G000333455,7.272639119525824e-05,0.17391304347826086,2182,k__Bacteria,p__Proteobacteria,c__Alphaproteobacteria,o__Rhizobiales,f__Bradyrhizobiaceae,g__Rhodopseudomonas,s__Rhodopseudomonas sp. B29,t__,0.01060835052706921,0.0014942673873799828,0.07134078121439816
G000525775,7.676674626166148e-05,0.11594202898550725,3792,k__Bacteria,p__Firmicutes,c__Clostridia,o__Clostridiales,f__Clostridiales Family XIII. Incertae Sedis,g__Mogibacterium,s__Mogibacterium timidum,t__,0.011194725222883561,0.001641853588916893,0.07230409681703256
G001028585,7.676674626166148e-05,0.17391304347826086,5870,k__Bacteria,p__Spirochaetes,c__Spirochaetia,o__Spirochaetales,f__Spirochaetaceae,g__Treponema,s__Treponema endosymbiont of Eucomonympha sp.,t__,0.011194725222883561,0.001641853588916893,0.07230409681703256
G000160075,7.676674626166148e-05,0.14492753623188406,824,k__Bacteria,p__Firmicutes,c__Bacilli,o__Lactobacillales,f__Aerococcaceae,g__Abiotrophia,s__Abiotrophia defectiva,t__,0.011194725222883561,0.001641853588916893,0.07230409681703256
G000017405,7.676674626166148e-05,0.10144927536231885,310,k__Bacteria,p__Proteobacteria,c__Alphaproteobacteria,o__Rhizobiales,f__Brucellaceae,g__Ochrobactrum,s__Ochrobactrum anthropi,t__,0.011194725222883561,0.001641853588916893,0.07230409681703256
G001070095,7.676674626166148e-05,0.08695652173913043,5976,k__Bacteria,p__Actinobacteria,c__Actinobacteria,o__Streptomycetales,f__Streptomycetaceae,g__Streptomyces,s__Streptomyces cattleya,t__,0.011194725222883561,0.001641853588916893,0.07230409681703256
G001281465,7.676674626166148e-05,0.13043478260869565,6144,k__Bacteria,p__Proteobacteria,c__Betaproteobacteria,o__Burkholderiales,f__Burkholderiaceae,g__Cupriavidus,s__Cupriavidus gilardii,t__,0.011194725222883561,0.001641853588916893,0.07230409681703256
G001902575,7.676674626166148e-05,0.08695652173913043,9641,k__Bacteria,p__Fusobacteria,c__Fusobacteriia,o__Fusobacteriales,f__Leptotrichiaceae,g__Streptobacillus,s__Streptobacillus notomytis,t__,0.011194725222883561,0.001641853588916893,0.07230409681703256
G000414525,7.676674626166148e-05,0.07246376811594203,2787,k__Bacteria,p__Actinobacteria,c__Actinobacteria,o__Bifidobacteriales,f__Bifidobacteriaceae,g__Gardnerella,s__Gardnerella vaginalis,t__,0.011194725222883561,0.001641853588916893,0.07230409681703256
G001484935,8.08071013280647e-05,0.11594202898550725,6921,k__Bacteria,p__Proteobacteria,c__Gammaproteobacteria,o__Pseudomonadales,f__Moraxellaceae,g__Acinetobacter,s__Acinetobacter johnsonii,t__,0.011780787345002208,0.0017944927078771405,0.07326176732341164
G001028605,8.08071013280647e-05,0.18840579710144928,5871,k__Bacteria,p__Spirochaetes,c__Spirochaetia,o__Spirochaetales,f__Spirochaetaceae,g__Treponema,s__Treponema endosymbiont of Eucomonympha sp.,t__,0.011780787345002208,0.0017944927078771405,0.07326176732341164
G000162475,8.08071013280647e-05,0.10144927536231885,851,k__Bacteria,p__Firmicutes,c__Bacilli,o__Lactobacillales,f__Carnobacteriaceae,g__Granulicatella,s__Granulicatella elegans,t__,0.011780787345002208,0.0017944927078771405,0.07326176732341164
G000185505,8.08071013280647e-05,0.2028985507246377,1049,k__Bacteria,p__Firmicutes,c__Clostridia,o__Clostridiales,f__Eubacteriaceae,g__Pseudoramibacter,s__Pseudoramibacter alactolyticus,t__,0.011780787345002208,0.0017944927078771405,0.07326176732341164
G001028545,8.484745639446795e-05,0.17391304347826086,5869,k__Bacteria,p__Spirochaetes,c__Spirochaetia,o__Spirochaetales,f__Spirochaetaceae,g__Treponema,s__Treponema endosymbiont of Eucomonympha sp.,t__,0.012366537030040536,0.0019520052501172114,0.07421397248650018
G000420605,8.888781146087117e-05,0.08695652173913043,2836,k__Bacteria,p__Actinobacteria,c__Actinobacteria,o__Corynebacteriales,f__Corynebacteriaceae,g__Corynebacterium,s__Corynebacterium massiliense,t__,0.012951974414581624,0.002114221785696112,0.07516088199499932
G001188545,8.888781146087117e-05,0.08695652173913043,6014,k__Bacteria,p__Proteobacteria,c__Alphaproteobacteria,o__Rhodospirillales,f__,g__Enhydrobacter,s__Enhydrobacter aerosaccus,t__,0.012951974414581624,0.002114221785696112,0.07516088199499932
G000160695,8.888781146087117e-05,0.13043478260869565,837,k__Bacteria,p__Firmicutes,c__Negativicutes,o__Selenomonadales,f__Selenomonadaceae,g__Selenomonas,s__Selenomonas flueggei,t__,0.012951974414581624,0.002114221785696112,0.07516088199499932
G000614105,8.888781146087117e-05,0.13043478260869565,3945,k__Bacteria,p__Bacteroidetes,c__Bacteroidia,o__Bacteroidales,f__Prevotellaceae,g__Prevotella,s__Prevotella micans,t__,0.012951974414581624,0.002114221785696112,0.07516088199499932
G001275345,8.888781146087117e-05,0.11594202898550725,6107,k__Bacteria,p__Actinobacteria,c__Actinobacteria,o__Micrococcales,f__Micrococcaceae,g__Kocuria,s__Kocuria palustris,t__,0.012951974414581624,0.002114221785696112,0.07516088199499932
G000565075,8.888781146087117e-05,0.14492753623188406,3838,k__Bacteria,p__Actinobacteria,c__Coriobacteriia,o__Coriobacteriales,f__Atopobiaceae,g__Atopobium,s__Atopobium sp. BS2,t__,0.012951974414581624,0.002114221785696112,0.07516088199499932
G000422165,8.888781146087117e-05,0.11594202898550725,2879,k__Bacteria,p__Firmicutes,c__Bacilli,o__Lactobacillales,f__Lactobacillaceae,g__Lactobacillus,s__Lactobacillus helveticus,t__,0.012951974414581624,0.002114221785696112,0.07516088199499932
G000238795,9.292816652727442e-05,0.14492753623188406,1471,k__Bacteria,p__Proteobacteria,c__Gammaproteobacteria,o__Pasteurellales,f__Pasteurellaceae,g__Haemophilus,s__Haemophilus sputorum,t__,0.01353709963510108,0.0022809821733385666,0.07610265624874085
G001639025,9.292816652727442e-05,0.15942028985507245,7562,k__Bacteria,p__Actinobacteria,c__Actinobacteria,o__Corynebacteriales,f__Corynebacteriaceae,g__Corynebacterium,s__Corynebacterium afermentans,t__Corynebacterium afermentans subsp. afermentans,0.01353709963510108,0.0022809821733385666,0.07610265624874085
G000007145,9.292816652727442e-05,0.14492753623188406,15,k__Bacteria,p__Proteobacteria,c__Gammaproteobacteria,o__Xanthomonadales,f__Xanthomonadaceae,g__Xanthomonas,s__Xanthomonas campestris,t__,0.01353709963510108,0.0022809821733385666,0.07610265624874085
G001630765,9.292816652727442e-05,0.11594202898550725,7540,k__Bacteria,p__Actinobacteria,c__Actinobacteria,o__Corynebacteriales,f__Dietziaceae,g__Dietzia,s__Dietzia maris,t__,0.01353709963510108,0.0022809821733385666,0.07610265624874085
G000269805,9.292816652727442e-05,0.14492753623188406,1678,k__Bacteria,p__Actinobacteria,c__Actinobacteria,o__Actinomycetales,f__Actinomycetaceae,g__Actinomyces,s__Actinomyces massiliensis,t__,0.01353709963510108,0.0022809821733385666,0.07610265624874085
G000762865,9.292816652727442e-05,0.15942028985507245,4723,k__Bacteria,p__Bacteroidetes,c__Bacteroidia,o__Bacteroidales,f__Prevotellaceae,g__Prevotella,s__Prevotella sp. S7 MS 2,t__,0.01353709963510108,0.0022809821733385666,0.07610265624874085
G000160135,9.696852159367766e-05,0.08695652173913043,827,k__Bacteria,p__Firmicutes,c__Clostridia,o__Clostridiales,f__Lachnospiraceae,g__Oribacterium,s__Oribacterium sp. oral taxon 078,t__,0.014121912828119698,0.0024521348602441345,0.07703944705916735
G000622145,9.696852159367766e-05,0.08695652173913043,4033,k__Bacteria,p__Proteobacteria,c__Alphaproteobacteria,o__Rhodobacterales,f__Rhodobacteraceae,g__Paracoccus,s__Paracoccus yeei,t__,0.014121912828119698,0.0024521348602441345,0.07703944705916735
G000196295,0.00010100887666008089,0.10144927536231885,1166,k__Bacteria,p__Proteobacteria,c__Betaproteobacteria,o__Neisseriales,f__Neisseriaceae,g__Neisseria,s__Neisseria lactamica,t__,0.014706414130121859,0.0026275362483647105,0.07797139828290003
G001476195,0.00010100887666008089,0.17391304347826086,6892,k__Bacteria,p__Actinobacteria,c__Actinobacteria,o__Micrococcales,f__Micrococcaceae,g__Kocuria,s__Kocuria kristinae,t__,0.014706414130121859,0.0026275362483647105,0.07797139828290003
G000455165,0.00010100887666008089,0.14492753623188406,3397,k__Bacteria,p__Actinobacteria,c__Actinobacteria,o__Corynebacteriales,f__Mycobacteriaceae,g__Mycobacterium,s__Mycobacterium iranicum,t__,0.014706414130121859,0.0026275362483647105,0.07797139828290003
G000688375,0.00010100887666008089,0.11594202898550725,4142,k__Bacteria,p__Bacteroidetes,c__Bacteroidia,o__Bacteroidales,f__Prevotellaceae,g__Prevotella,s__Prevotella sp. HUN102,t__,0.014706414130121859,0.0026275362483647105,0.07797139828290003
G000758945,0.00010100887666008089,0.11594202898550725,4686,k__Bacteria,p__Actinobacteria,c__Coriobacteriia,o__Coriobacteriales,f__Atopobiaceae,g__Atopobium,s__Atopobium parvulum,t__,0.014706414130121859,0.0026275362483647105,0.07797139828290003
G001295845,0.00010504923172648413,0.11594202898550725,6180,k__Bacteria,p__Proteobacteria,c__Alphaproteobacteria,o__Rhizobiales,f__Bradyrhizobiaceae,g__Rhodopseudomonas,s__Rhodopseudomonas sp. AAP120,t__,0.015290603677490022,0.0028070501196445427,0.07889864639637473
G000177075,0.00010504923172648413,0.21739130434782608,984,k__Bacteria,p__Bacteroidetes,c__Bacteroidia,o__Bacteroidales,f__Prevotellaceae,g__Prevotella,s__Prevotella buccalis,t__,0.015290603677490022,0.0028070501196445427,0.07889864639637473
G000818035,0.00010504923172648413,0.13043478260869565,4935,k__Bacteria,p__Proteobacteria,c__Betaproteobacteria,o__Neisseriales,f__Neisseriaceae,g__Neisseria,s__Neisseria elongata,t__Neisseria elongata subsp. glycolytica,0.015290603677490022,0.0028070501196445427,0.07889864639637473
G000185385,0.00010504923172648413,0.14492753623188406,1045,k__Bacteria,p__Firmicutes,c__Clostridia,o__Clostridiales,f__Lachnospiraceae,g__Lachnoanaerobaculum,s__Lachnoanaerobaculum saburreum,t__,0.015290603677490022,0.0028070501196445427,0.07889864639637473
G000010185,0.00010504923172648413,0.14492753623188406,98,k__Bacteria,p__Firmicutes,c__Tissierellia,o__Tissierellales,f__Peptoniphilaceae,g__Finegoldia,s__Finegoldia magna,t__,0.015290603677490022,0.0028070501196445427,0.07889864639637473
G000023905,0.00010908958679288735,0.17391304347826086,469,k__Bacteria,p__Fusobacteria,c__Fusobacteriia,o__Fusobacteriales,f__Leptotrichiaceae,g__Leptotrichia,s__Leptotrichia buccalis,t__,0.015874481606669266,0.00299054711371826,0.07982132101845549
G000270145,0.00010908958679288735,0.08695652173913043,1684,k__Bacteria,p__Firmicutes,c__Bacilli,o__Lactobacillales,f__Streptococcaceae,g__Streptococcus,s__Streptococcus gallolyticus,t__Streptococcus gallolyticus subsp. gallolyticus,0.015874481606669266,0.00299054711371826,0.07982132101845549
G000318335,0.00010908958679288735,0.10144927536231885,2078,k__Bacteria,p__Actinobacteria,c__Actinobacteria,o__Actinomycetales,f__Actinomycetaceae,g__Actinomyces,s__Actinomyces sp. oral taxon 181,t__,0.015874481606669266,0.00299054711371826,0.07982132101845549
G000466165,0.00010908958679288735,0.10144927536231885,3421,k__Bacteria,p__Actinobacteria,c__Actinobacteria,o__Actinomycetales,f__Actinomycetaceae,g__Actinobaculum,s__Actinobaculum sp. oral taxon 183,t__,0.015874481606669266,0.00299054711371826,0.07982132101845549
G000466245,0.0001131299418592906,0.15942028985507245,3422,k__Bacteria,p__Actinobacteria,c__Actinobacteria,o__Actinomycetales,f__Actinomycetaceae,g__Actinomyces,s__Actinomyces johnsonii,t__,0.01645804805397555,0.0031779042521633202,0.08073954538581887
G000430525,0.0001131299418592906,0.2318840579710145,3141,k__Bacteria,p__Bacteroidetes,c__Bacteroidia,o__Bacteroidales,f__Prevotellaceae,g__Prevotella,s__Prevotella corporis,t__,0.01645804805397555,0.0031779042521633202,0.08073954538581887
G000006845,0.0001131299418592906,0.13043478260869565,6,k__Bacteria,p__Proteobacteria,c__Betaproteobacteria,o__Neisseriales,f__Neisseriaceae,g__Neisseria,s__Neisseria gonorrhoeae,t__,0.01645804805397555,0.0031779042521633202,0.08073954538581887
G000425005,0.0001131299418592906,0.17391304347826086,2984,k__Bacteria,p__Firmicutes,c__Erysipelotrichia,o__Erysipelotrichales,f__Erysipelotrichaceae,g__Solobacterium,s__Solobacterium moorei,t__,0.01645804805397555,0.0031779042521633202,0.08073954538581887
G000242335,0.00011717029692569382,0.18840579710144928,1499,k__Bacteria,p__Bacteroidetes,c__Bacteroidia,o__Bacteroidales,f__Prevotellaceae,g__Prevotella,s__Prevotella dentalis,t__,0.017041303155765797,0.0033690045045284694,0.08165343678724783
G000218235,0.00011717029692569382,0.15942028985507245,1290,k__Bacteria,p__Bacteroidetes,c__Bacteroidia,o__Bacteroidales,f__Prevotellaceae,g__Prevotella,s__Prevotella multisaccharivorax,t__,0.017041303155765797,0.0033690045045284694,0.08165343678724783
G000308635,0.00011717029692569382,0.17391304347826086,1939,k__Bacteria,p__Actinobacteria,c__Actinobacteria,o__Corynebacteriales,f__Nocardiaceae,g__Nocardia,s__Nocardia otitidiscaviarum,t__,0.017041303155765797,0.0033690045045284694,0.08165343678724783
G000160115,0.00012121065199209706,0.11594202898550725,826,k__Bacteria,p__Firmicutes,c__Clostridia,o__Clostridiales,f__Lachnospiraceae,g__Shuttleworthia,s__Shuttleworthia satelles,t__,0.017624247048366293,0.0035637363915733966,0.08256310696025629
G001043915,0.00012121065199209706,0.08695652173913043,5914,k__Bacteria,p__Proteobacteria,c__Alphaproteobacteria,o__Rhizobiales,f__Methylobacteriaceae,g__Methylobacterium,s__Methylobacterium aquaticum,t__,0.017624247048366293,0.0035637363915733966,0.08256310696025629
G000510425,0.00012121065199209706,0.13043478260869565,3668,k__Bacteria,p__Firmicutes,c__Clostridia,o__Clostridiales,f__Clostridiales Family XIII. Incertae Sedis,g__,s__[Eubacterium] nodatum,t__,0.017624247048366293,0.0035637363915733966,0.08256310696025629
G000314675,0.00012121065199209706,0.11594202898550725,2011,k__Bacteria,p__Proteobacteria,c__Alphaproteobacteria,o__Rhizobiales,f__Bradyrhizobiaceae,g__Afipia,s__Afipia broomeae,t__,0.017624247048366293,0.0035637363915733966,0.08256310696025629
G001620305,0.00012121065199209706,0.13043478260869565,7472,k__Bacteria,p__Actinobacteria,c__Actinobacteria,o__Corynebacteriales,f__Nocardiaceae,g__Rhodococcus,s__Rhodococcus fascians,t__,0.017624247048366293,0.0035637363915733966,0.08256310696025629
G001553955,0.00012525100705850032,0.11594202898550725,7144,k__Bacteria,p__Proteobacteria,c__Gammaproteobacteria,o__Pseudomonadales,f__Moraxellaceae,g__Moraxella,s__Moraxella osloensis,t__,0.018206879867995074,0.0037619936219450353,0.08346866245426585
G000221605,0.00012525100705850032,0.15942028985507245,1330,k__Bacteria,p__Firmicutes,c__Negativicutes,o__Veillonellales,f__Veillonellaceae,g__Veillonella,s__Veillonella sp. oral taxon 780,t__,0.018206879867995074,0.0037619936219450353,0.08346866245426585
G000174815,0.00012525100705850032,0.17391304347826086,957,k__Bacteria,p__Bacteroidetes,c__Bacteroidia,o__Bacteroidales,f__Porphyromonadaceae,g__Porphyromonas,s__Porphyromonas endodontalis,t__,0.018206879867995074,0.0037619936219450353,0.08346866245426585
G000007785,0.00012525100705850032,0.10144927536231885,36,k__Bacteria,p__Firmicutes,c__Bacilli,o__Lactobacillales,f__Enterococcaceae,g__Enterococcus,s__Enterococcus faecalis,t__,0.018206879867995074,0.0037619936219450353,0.08346866245426585
G000648175,0.00012929136212490354,0.10144927536231885,4075,k__Bacteria,p__Firmicutes,c__Bacilli,o__Lactobacillales,f__Enterococcaceae,g__Enterococcus,s__Enterococcus faecalis,t__,0.01878920175091181,0.003963674758987623,0.08437020496407971
G000158615,0.00013333171719130676,0.08695652173913043,802,k__Bacteria,p__Proteobacteria,c__Betaproteobacteria,o__Neisseriales,f__Neisseriaceae,g__Eikenella,s__Eikenella corrodens,t__,0.019371212833346196,0.0041686829145500745,0.08526783163593957
G000385925,0.00013333171719130676,0.14492753623188406,2653,k__Bacteria,p__Firmicutes,c__Bacilli,o__Lactobacillales,f__Streptococcaceae,g__Streptococcus,s__Streptococcus cristatus,t__,0.019371212833346196,0.0041686829145500745,0.08526783163593957
G000209465,0.00013737207225771001,0.13043478260869565,1217,k__Bacteria,p__Firmicutes,c__Clostridia,o__Clostridiales,f__Lachnospiraceae,g__,s__Lachnospiraceae bacterium oral taxon 500,t__,0.019952913251418236,0.00437692546721602,0.08616163534914462
G000162875,0.00013737207225771001,0.08695652173913043,854,k__Bacteria,p__Actinobacteria,c__Coriobacteriia,o__Eggerthellales,f__Eggerthellaceae,g__Slackia,s__Slackia exigua,t__,0.019952913251418236,0.00437692546721602,0.08616163534914462
G000186945,0.00013737207225771001,0.14492753623188406,1067,k__Bacteria,p__Firmicutes,c__Erysipelotrichia,o__Erysipelotrichales,f__Erysipelotrichaceae,g__Solobacterium,s__Solobacterium moorei,t__,0.019952913251418236,0.00437692546721602,0.08616163534914462
G000413015,0.00013737207225771001,0.08695652173913043,2778,k__Bacteria,p__Spirochaetes,c__Spirochaetia,o__Spirochaetales,f__Spirochaetaceae,g__Treponema,s__Treponema socranskii,t__Treponema socranskii subsp. paredis,0.019952913251418236,0.00437692546721602,0.08616163534914462
G000213975,0.00013737207225771001,0.14492753623188406,1253,k__Bacteria,p__Firmicutes,c__Negativicutes,o__Selenomonadales,f__Selenomonadaceae,g__Centipeda,s__Centipeda periodontii,t__,0.019952913251418236,0.00437692546721602,0.08616163534914462
G000159115,0.00014141242732411324,0.15942028985507245,812,k__Bacteria,p__Actinobacteria,c__Actinobacteria,o__Corynebacteriales,f__Corynebacteriaceae,g__Corynebacterium,s__Corynebacterium accolens,t__,0.020534303141291566,0.004588313802702498,0.08705170497594328
G000160875,0.00014545278239051649,0.11594202898550725,840,k__Bacteria,p__Firmicutes,c__Bacilli,o__Lactobacillales,f__Lactobacillaceae,g__Lactobacillus,s__Lactobacillus iners,t__,0.021115382639097735,0.004802763074183022,0.08793812562106676
G000220835,0.00014545278239051649,0.11594202898550725,1324,k__Bacteria,p__Actinobacteria,c__Actinobacteria,o__Actinomycetales,f__Actinomycetaceae,g__Actinomyces,s__Actinomyces sp. oral taxon 448,t__,0.021115382639097735,0.004802763074183022,0.08793812562106676
G000219605,0.00015353349252332296,0.11594202898550725,1308,k__Bacteria,p__Proteobacteria,c__Gammaproteobacteria,o__Pseudomonadales,f__Pseudomonadaceae,g__Pseudomonas,s__Pseudomonas stutzeri,t__,0.022276611002643776,0.005240522562510702,0.08970034285978161
G001761345,0.00015353349252332296,0.17391304347826086,7886,k__Bacteria,p__Proteobacteria,c__Alphaproteobacteria,o__Sphingomonadales,f__Sphingomonadaceae,g__Sphingomonas,s__Sphingomonas melonis,t__,0.022276611002643776,0.005240522562510702,0.08970034285978161
G001190745,0.00015757384758972618,0.10144927536231885,6030,k__Bacteria,p__Proteobacteria,c__Epsilonproteobacteria,o__Campylobacterales,f__Campylobacteraceae,g__Campylobacter,s__Campylobacter gracilis,t__,0.022856760140482768,0.005463680010489767,0.09057629273773979
G000010505,0.00015757384758972618,0.13043478260869565,106,k__Bacteria,p__Bacteroidetes,c__Bacteroidia,o__Bacteroidales,f__Porphyromonadaceae,g__Porphyromonas,s__Porphyromonas gingivalis,t__,0.022856760140482768,0.005463680010489767,0.09057629273773979
G000758925,0.0001616142026561294,0.2028985507246377,4685,k__Bacteria,p__Bacteroidetes,c__Bacteroidia,o__Bacteroidales,f__Prevotellaceae,g__Prevotella,s__Prevotella sp. S7-1-8,t__,0.023436599430304406,0.005689592490396439,0.09144890056880543
G000373045,0.0001616142026561294,0.15942028985507245,2379,k__Bacteria,p__Fusobacteria,c__Fusobacteriia,o__Fusobacteriales,f__Leptotrichiaceae,g__Leptotrichia,s__Leptotrichia shahii,t__,0.023436599430304406,0.005689592490396439,0.09144890056880543
G000163895,0.0001616142026561294,0.11594202898550725,862,k__Bacteria,p__Firmicutes,c__Clostridia,o__Clostridiales,f__Peptostreptococcaceae,g__Filifactor,s__Filifactor alocis,t__,0.023436599430304406,0.005689592490396439,0.09144890056880543
G001402935,0.00016565455772253268,0.34782608695652173,6375,k__Archaea,p__Euryarchaeota,c__Thermoplasmata,o__Thermoplasmatales,f__Ferroplasmaceae,g__Acidiplasma,s__Acidiplasma cupricumulans,t__,0.024016129008100018,0.005918190978862807,0.09231823563398547
G000949895,0.00016565455772253268,0.10144927536231885,5085,k__Bacteria,p__Proteobacteria,c__Alphaproteobacteria,o__Rhizobiales,f__Rhizobiaceae,g__Agrobacterium,s__Agrobacterium arsenijevicii,t__,0.024016129008100018,0.005918190978862807,0.09231823563398547
G000012005,0.00016565455772253268,0.14492753623188406,145,k__Bacteria,p__Proteobacteria,c__Gammaproteobacteria,o__Enterobacterales,f__Enterobacteriaceae,g__Shigella,s__Shigella dysenteriae,t__,0.024016129008100018,0.005918190978862807,0.09231823563398547
G000467935,0.0001696949127889359,0.11594202898550725,3435,k__Bacteria,p__Firmicutes,c__Clostridia,o__Clostridiales,f__Peptostreptococcaceae,g__,s__Peptostreptococcaceae bacterium oral taxon 113,t__,0.024595349009731926,0.006149409111030568,0.09318436455553289
G000160635,0.00017373526785533912,0.17391304347826086,834,k__Bacteria,p__Firmicutes,c__Clostridia,o__Clostridiales,f__Lachnospiraceae,g__Oribacterium,s__Oribacterium sinus,t__,0.025174259571102975,0.006383183038746021,0.09404735143907275
G000174755,0.00017777562292174234,0.17391304347826086,956,k__Bacteria,p__Bacteroidetes,c__Flavobacteriia,o__Flavobacteriales,f__Flavobacteriaceae,g__Capnocytophaga,s__Capnocytophaga gingivalis,t__,0.02575286082808359,0.006619451298267742,0.09490725800575646
G000008185,0.00017777562292174234,0.11594202898550725,48,k__Bacteria,p__Spirochaetes,c__Spirochaetia,o__Spirochaetales,f__Spirochaetaceae,g__Treponema,s__Treponema denticola,t__,0.02575286082808359,0.006619451298267742,0.09490725800575646
G000508745,0.00017777562292174234,0.21739130434782608,3661,k__Bacteria,p__Firmicutes,c__Bacilli,o__Bacillales,f__Staphylococcaceae,g__Staphylococcus,s__Staphylococcus sp. DORA_6_22,t__,0.02575286082808359,0.006619451298267742,0.09490725800575646
G000613345,0.00017777562292174234,0.2463768115942029,3937,k__Bacteria,p__Bacteroidetes,c__Bacteroidia,o__Bacteroidales,f__Prevotellaceae,g__Prevotella,s__Prevotella disiens,t__,0.02575286082808359,0.006619451298267742,0.09490725800575646
G000238215,0.00017777562292174234,0.13043478260869565,1464,k__Bacteria,p__Bacteroidetes,c__Bacteroidia,o__Bacteroidales,f__Porphyromonadaceae,g__Tannerella,s__Tannerella forsythia,t__,0.02575286082808359,0.006619451298267742,0.09490725800575646
G000614205,0.0001818159779881456,0.18840579710144928,3947,k__Bacteria,p__Bacteroidetes,c__Bacteroidia,o__Bacteroidales,f__Prevotellaceae,g__Prevotella,s__Prevotella saccharolytica,t__,0.02633115291643806,0.006858154686795105,0.09576414371559358
G000455445,0.0001818159779881456,0.2318840579710145,3405,k__Bacteria,p__Bacteroidetes,c__Bacteroidia,o__Bacteroidales,f__Prevotellaceae,g__Prevotella,s__Prevotella timonensis,t__,0.02633115291643806,0.006858154686795105,0.09576414371559358
G000378085,0.0001818159779881456,0.2463768115942029,2475,k__Bacteria,p__Bacteroidetes,c__Bacteroidia,o__Bacteroidales,f__Prevotellaceae,g__Prevotella,s__Prevotella loescheii,t__,0.02633115291643806,0.006858154686795105,0.09576414371559358
G000318295,0.00018585633305454884,0.13043478260869565,2077,k__Bacteria,p__Bacteroidetes,c__Flavobacteriia,o__Flavobacteriales,f__Flavobacteriaceae,g__Capnocytophaga,s__Capnocytophaga sp. oral taxon 326,t__,0.026909135971969977,0.007099236147200573,0.09661806588299496
G000173915,0.00018585633305454884,0.18840579710144928,948,k__Bacteria,p__Firmicutes,c__Bacilli,o__Bacillales,f__,g__Gemella,s__Gemella haemolysans,t__,0.026909135971969977,0.007099236147200573,0.09661806588299496
G000008805,0.00018989668812095206,0.15942028985507245,66,k__Bacteria,p__Proteobacteria,c__Betaproteobacteria,o__Neisseriales,f__Neisseriaceae,g__Neisseria,s__Neisseria meningitidis,t__,0.02748681013045229,0.0073426406601452485,0.09746907978452488
G001679325,0.00018989668812095206,0.2028985507246377,7687,k__Bacteria,p__Proteobacteria,c__Gammaproteobacteria,o__Pasteurellales,f__Pasteurellaceae,g__Haemophilus,s__Haemophilus parainfluenzae,t__,0.02748681013045229,0.0073426406601452485,0.09746907978452488
G000262545,0.00018989668812095206,0.2028985507246377,1650,k__Bacteria,p__Bacteroidetes,c__Bacteroidia,o__Bacteroidales,f__Prevotellaceae,g__Prevotella,s__Prevotella bivia,t__,0.02748681013045229,0.0073426406601452485,0.09746907978452488
G000332735,0.00018989668812095206,0.2028985507246377,2170,k__Bacteria,p__Firmicutes,c__Bacilli,o__Bacillales,f__Staphylococcaceae,g__Staphylococcus,s__Staphylococcus warneri,t__,0.02748681013045229,0.0073426406601452485,0.09746907978452488
G000259485,0.00019797739825375854,0.2028985507246377,1631,k__Bacteria,p__Proteobacteria,c__Gammaproteobacteria,o__Pasteurellales,f__Pasteurellaceae,g__Haemophilus,s__Haemophilus parainfluenzae,t__,0.02864123229897153,0.00783620835567865,0.09916259430610923
G000009865,0.00019797739825375854,0.17391304347826086,87,k__Bacteria,p__Firmicutes,c__Bacilli,o__Bacillales,f__Staphylococcaceae,g__Staphylococcus,s__Staphylococcus haemolyticus,t__,0.02864123229897153,0.00783620835567865,0.09916259430610923
G000340375,0.00020201775332016178,0.13043478260869565,2232,k__Bacteria,p__Firmicutes,c__Erysipelotrichia,o__Erysipelotrichales,f__Erysipelotrichaceae,g__Eggerthia,s__Eggerthia catenaformis,t__,0.029217980580389824,0.008086270811101644,0.10000519616746831
G000763765,0.000206058108386565,0.17391304347826086,4733,k__Bacteria,p__Actinobacteria,c__Actinobacteria,o__Micrococcales,f__Micrococcaceae,g__Rothia,s__Rothia dentocariosa,t__,0.029794420507372688,0.008338454692624307,0.10084509241739184
G000017005,0.000206058108386565,0.21739130434782608,300,k__Bacteria,p__Firmicutes,c__Bacilli,o__Lactobacillales,f__Streptococcaceae,g__Streptococcus,s__Streptococcus gordonii,t__,0.029794420507372688,0.008338454692624307,0.10084509241739184
G000006925,0.00021413881851937148,0.18840579710144928,8,k__Bacteria,p__Proteobacteria,c__Gammaproteobacteria,o__Enterobacterales,f__Enterobacteriaceae,g__Shigella,s__Shigella flexneri,t__,0.030946375840432472,0.008849003353038586,0.10251695249145348
G000711965,0.00021413881851937148,0.15942028985507245,4301,k__Bacteria,p__Actinobacteria,c__Actinobacteria,o__Actinomycetales,f__Actinomycetaceae,g__Actinomyces,s__Actinomyces israelii,t__,0.030946375840432472,0.008849003353038586,0.10251695249145348
G000006865,0.0002181791735857747,0.14492753623188406,7,k__Bacteria,p__Firmicutes,c__Bacilli,o__Lactobacillales,f__Streptococcaceae,g__Lactococcus,s__Lactococcus lactis,t__Lactococcus lactis subsp. lactis,0.03152189151755491,0.00910728016785136,0.10334900479317308
G001707835,0.0002181791735857747,0.4782608695652174,7775,k__Bacteria,p__Planctomycetes,c__Planctomycetia,o__Planctomycetales,f__Planctomycetaceae,g__Planctopirus,s__Planctopirus sp. JC280,t__,0.03152189151755491,0.00910728016785136,0.10334900479317308
G000832075,0.0002181791735857747,0.43478260869565216,5023,k__Bacteria,p__Bacteroidetes,c__Bacteroidia,o__Bacteroidales,f__Porphyromonadaceae,g__Sanguibacteroides,s__Sanguibacteroides justesenii,t__,0.03152189151755491,0.00910728016785136,0.10334900479317308
G000378745,0.0002262598837185812,0.18840579710144928,2492,k__Bacteria,p__Bacteroidetes,c__Bacteroidia,o__Bacteroidales,f__Prevotellaceae,g__Prevotella,s__Prevotella amnii,t__,0.03267199957045819,0.009629629336233306,0.10500556463993514
G000261285,0.00023030023878498445,0.2608695652173913,1642,k__Bacteria,p__Proteobacteria,c__Gammaproteobacteria,o__Pasteurellales,f__Pasteurellaceae,g__Haemophilus,s__Haemophilus parainfluenzae,t__,0.033246592217088033,0.009893621850847738,0.10583015253706271
G001427625,0.00023030023878498445,0.17391304347826086,6534,k__Bacteria,p__Proteobacteria,c__Alphaproteobacteria,o__Rhizobiales,f__Rhizobiaceae,g__Rhizobium,s__Rhizobium sp. Root651,t__,0.033246592217088033,0.009893621850847738,0.10583015253706271
G001057055,0.0002383809489177909,0.17391304347826086,5965,k__Bacteria,p__Actinobacteria,c__Actinobacteria,o__Micrococcales,f__Cellulomonadaceae,g__Cellulomonas,s__Cellulomonas flavigena,t__,0.03439485542768528,0.010427052299261233,0.10747213600303118
G000429225,0.00024242130398419411,0.21739130434782608,3103,k__Bacteria,p__Actinobacteria,c__Actinobacteria,o__Actinomycetales,f__Actinomycetaceae,g__Actinomyces,s__Actinomyces dentalis,t__,0.03496852626230218,0.010696417501010476,0.10828960481667432
G000023145,0.00024242130398419411,0.15942028985507245,448,k__Bacteria,p__Actinobacteria,c__Actinobacteria,o__Corynebacteriales,f__Corynebacteriaceae,g__Corynebacterium,s__Corynebacterium kroppenstedtii,t__,0.03496852626230218,0.010696417501010476,0.10828960481667432
G000239695,0.00025050201411700064,0.21739130434782608,1477,k__Bacteria,p__Actinobacteria,c__Actinobacteria,o__Actinomycetales,f__Actinomycetaceae,g__Actinomyces,s__Actinomyces graevenitzii,t__,0.03611494706666296,0.011240274069197718,0.10991767167730288
G001298465,0.0002545423691834038,0.21739130434782608,6194,k__Bacteria,p__Proteobacteria,c__Epsilonproteobacteria,o__Campylobacterales,f__Campylobacteraceae,g__Campylobacter,s__Campylobacter concisus,t__,0.03668769730685861,0.01151469895100933,0.1107283367212925
G001536045,0.0002545423691834038,0.14492753623188406,7083,k__Bacteria,p__Candidatus Kryptonia,c__,o__,f__,g__Candidatus Kryptonium,s__Candidatus Kryptonium thompsoni,t__,0.03668769730685861,0.01151469895100933,0.1107283367212925
G001425865,0.0002626230793162103,0.5217391304347826,6514,k__Bacteria,p__Proteobacteria,c__Betaproteobacteria,o__Burkholderiales,f__,g__Rhizobacter,s__Rhizobacter sp. Root404,t__,0.03783227813927248,0.012068382791616622,0.11234309043575844
G001028525,0.0002626230793162103,0.3188405797101449,5868,k__Bacteria,p__Spirochaetes,c__Spirochaetia,o__Spirochaetales,f__Spirochaetaceae,g__Treponema,s__Treponema endosymbiont of Eucomonympha sp.,t__,0.03783227813927248,0.012068382791616622,0.11234309043575844
G001274535,0.00026666343438261353,0.13043478260869565,6097,k__Bacteria,p__Fusobacteria,c__Fusobacteriia,o__Fusobacteriales,f__Leptotrichiaceae,g__Leptotrichia,s__Leptotrichia sp. oral taxon 212,t__,0.03840410900174518,0.012347580783203228,0.11314724058544787
G000183345,0.00026666343438261353,0.18840579710144928,1023,k__Bacteria,p__Proteobacteria,c__Gammaproteobacteria,o__Enterobacterales,f__Enterobacteriaceae,g__Escherichia,s__Escherichia coli,t__,0.03840410900174518,0.012347580783203228,0.11314724058544787
G000701685,0.0002707037894490168,0.15942028985507245,4213,k__Bacteria,p__Firmicutes,c__Bacilli,o__Bacillales,f__,g__Gemella,s__Gemella sanguinis,t__,0.03897563367522394,0.012628310251808404,0.11394927917526687
G000287635,0.0002707037894490168,0.14492753623188406,1793,k__Bacteria,p__Bacteroidetes,c__Bacteroidia,o__Bacteroidales,f__Prevotellaceae,g__Prevotella,s__Prevotella sp. MSX73,t__,0.03897563367522394,0.012628310251808404,0.11394927917526687
G000026345,0.00027474414451542003,0.15942028985507245,553,k__Bacteria,p__Proteobacteria,c__Gammaproteobacteria,o__Enterobacterales,f__Enterobacteriaceae,g__Escherichia,s__Escherichia coli,t__,0.03954685229471677,0.012910542776381442,0.11474923488204232
G000173895,0.00027474414451542003,0.14492753623188406,947,k__Bacteria,p__Proteobacteria,c__Betaproteobacteria,o__Neisseriales,f__Neisseriaceae,g__Neisseria,s__Neisseria cinerea,t__,0.03954685229471677,0.012910542776381442,0.11474923488204232
G000433275,0.00027878449958182325,0.13043478260869565,3219,k__Bacteria,p__Firmicutes,c__Negativicutes,o__Veillonellales,f__Veillonellaceae,g__Dialister,s__Dialister invisus CAG:218,t__,0.040117764995271976,0.0131942507045609,0.1155471356139881
G000154345,0.00027878449958182325,0.18840579710144928,735,k__Bacteria,p__Firmicutes,c__Clostridia,o__Clostridiales,f__Ruminococcaceae,g__Ruminiclostridium,s__[Clostridium] leptum,t__,0.040117764995271976,0.0131942507045609,0.1155471356139881
G000832085,0.00029090556478103297,0.4782608695652174,5024,k__Bacteria,p__Bacteroidetes,c__Bacteroidia,o__Bacteroidales,f__Porphyromonadaceae,g__Sanguibacteroides,s__Sanguibacteroides justesenii,t__,0.04182866893306725,0.014053961318386078,0.11792877611034511
G000934225,0.0002949459198474362,0.2028985507246377,5048,k__Bacteria,p__Firmicutes,c__Bacilli,o__Bacillales,f__Staphylococcaceae,g__Staphylococcus,s__Staphylococcus epidermidis,t__,0.04239835930746283,0.014343308725520289,0.11871872163527744
G001813205,0.0002949459198474362,0.14492753623188406,9020,k__Bacteria,p__Actinobacteria,c__Coriobacteriia,o__Coriobacteriales,f__Atopobiaceae,g__Atopobium,s__Atopobium sp. HMSC064B08,t__,0.04239835930746283,0.014343308725520289,0.11871872163527744
G001995095,0.00030302662998024264,0.4782608695652174,9877,k__Bacteria,p__Proteobacteria,c__Gammaproteobacteria,o__Oceanospirillales,f__Oceanospirillaceae,g__Oceanospirillum,s__Oceanospirillum linum,t__,0.043536824458093926,0.014926023052551939,0.12029285854833183
G001814805,0.00030302662998024264,0.2028985507246377,9022,k__Bacteria,p__Firmicutes,c__Bacilli,o__Bacillales,f__Staphylococcaceae,g__Staphylococcus,s__Staphylococcus sp. HMSC062B11,t__,0.043536824458093926,0.014926023052551939,0.12029285854833183
G000175375,0.0003070669850466459,0.21739130434782608,964,k__Bacteria,p__Actinobacteria,c__Actinobacteria,o__Corynebacteriales,f__Corynebacteriaceae,g__Corynebacterium,s__Corynebacterium matruchotii,t__,0.044105599503945214,0.015219343359881302,0.12107709705981594
G000186205,0.00031110734011304914,0.21739130434782608,1059,k__Bacteria,p__Firmicutes,c__Bacilli,o__Bacillales,f__Staphylococcaceae,g__Staphylococcus,s__Staphylococcus epidermidis,t__,0.04467406970984844,0.015513942321530527,0.12185947938993016
G000246925,0.00031110734011304914,0.21739130434782608,1557,k__Bacteria,p__Firmicutes,c__Tissierellia,o__Tissierellales,f__Peptoniphilaceae,g__Peptoniphilus,s__Peptoniphilus rhinitidis,t__,0.04467406970984844,0.015513942321530527,0.12185947938993016
G000443975,0.00031514769517945236,0.21739130434782608,3364,k__Bacteria,p__Firmicutes,c__Bacilli,o__Bacillales,f__Staphylococcaceae,g__Staphylococcus,s__Staphylococcus epidermidis,t__,0.04524223521055215,0.01580979805127946,0.1226400276801792
G000253395,0.00031918805024585563,0.2608695652173913,1603,k__Bacteria,p__Firmicutes,c__Bacilli,o__Lactobacillales,f__Streptococcaceae,g__Streptococcus,s__Streptococcus thermophilus,t__,0.045810096140698864,0.016106889195924234,0.12341876353885062
G001914135,0.00031918805024585563,0.2318840579710145,9658,k__Bacteria,p__Firmicutes,c__Bacilli,o__Bacillales,f__Staphylococcaceae,g__Staphylococcus,s__Staphylococcus epidermidis,t__,0.045810096140698864,0.016106889195924234,0.12341876353885062
G001068545,0.0003232284053122588,0.2318840579710145,5975,k__Bacteria,p__Firmicutes,c__Bacilli,o__Bacillales,f__Staphylococcaceae,g__Staphylococcus,s__Staphylococcus epidermidis,t__,0.04637765263497029,0.016405194917249358,0.12419570805931783
G000183685,0.0003272687603786621,0.18840579710144928,1031,k__Bacteria,p__Firmicutes,c__Bacilli,o__Bacillales,f__Staphylococcaceae,g__Staphylococcus,s__Staphylococcus hominis,t__Staphylococcus hominis subsp. hominis,0.04694490482801439,0.01670469487467189,0.12497088183725774
G000463505,0.0003272687603786621,0.2608695652173913,3414,k__Bacteria,p__Firmicutes,c__Bacilli,o__Lactobacillales,f__Streptococcaceae,g__Streptococcus,s__Streptococcus anginosus,t__,0.04694490482801439,0.01670469487467189,0.12497088183725774
G000007645,0.0003353494705114685,0.2028985507246377,31,k__Bacteria,p__Firmicutes,c__Bacilli,o__Bacillales,f__Staphylococcaceae,g__Staphylococcus,s__Staphylococcus epidermidis,t__,0.04807849684862897,0.01730719852478809,0.12651599715822628
G000184945,0.0003393898255778718,0.17391304347826086,1041,k__Bacteria,p__Bacteroidetes,c__Bacteroidia,o__Bacteroidales,f__Prevotellaceae,g__Prevotella,s__Prevotella buccae,t__,0.04864483694532784,0.017610163878804375,0.12728597754980292
G000160055,0.0003393898255778718,0.18840579710144928,823,k__Bacteria,p__Firmicutes,c__Negativicutes,o__Veillonellales,f__Veillonellaceae,g__Dialister,s__Dialister invisus,t__,0.04864483694532784,0.017610163878804375,0.12728597754980292
G000299455,0.000343430180644275,0.2028985507246377,1862,k__Bacteria,p__Proteobacteria,c__Gammaproteobacteria,o__Enterobacterales,f__Enterobacteriaceae,g__Escherichia,s__Escherichia coli,t__,0.049210873278913825,0.017914246761723616,0.12805426492551822
G000245655,0.00034747053571067824,0.2318840579710145,1547,k__Bacteria,p__Firmicutes,c__Bacilli,o__Bacillales,f__Staphylococcaceae,g__Staphylococcus,s__Staphylococcus epidermidis,t__,0.049776605983866906,0.01821942908609262,0.1288208776276012
G000308395,0.00034747053571067824,0.21739130434782608,1934,k__Bacteria,p__Firmicutes,c__Bacilli,o__Bacillales,f__Staphylococcaceae,g__Staphylococcus,s__Staphylococcus epidermidis,t__,0.049776605983866906,0.01821942908609262,0.1288208776276012
G000014205,0.00034747053571067824,0.2753623188405797,216,k__Bacteria,p__Firmicutes,c__Bacilli,o__Lactobacillales,f__Streptococcaceae,g__Streptococcus,s__Streptococcus sanguinis,t__,0.049776605983866906,0.01821942908609262,0.1288208776276012
G000146675,0.0003515108907770815,0.2028985507246377,663,k__Bacteria,p__Bacteroidetes,c__Bacteroidia,o__Bacteroidales,f__Prevotellaceae,g__Prevotella,s__Prevotella marshii,t__,0.05034203519463365,0.018525693172533046,0.12958583359014256
G001189495,0.0003515108907770815,0.13043478260869565,6023,k__Bacteria,p__Firmicutes,c__Clostridia,o__Clostridiales,f__Clostridiales Family XIII. Incertae Sedis,g__,s__[Eubacterium] sulci,t__,0.05034203519463365,0.018525693172533046,0.12958583359014256
G000186425,0.0003555512458434847,0.2028985507246377,1064,k__Bacteria,p__Proteobacteria,c__Betaproteobacteria,o__Burkholderiales,f__Burkholderiaceae,g__Lautropia,s__Lautropia mirabilis,t__,0.05090716104555726,0.018833021736857664,0.13034915035184624
G000234115,0.0003555512458434847,0.2028985507246377,1425,k__Bacteria,p__Bacteroidetes,c__Bacteroidia,o__Bacteroidales,f__Prevotellaceae,g__Alloprevotella,s__Alloprevotella rava,t__,0.05090716104555726,0.018833021736857664,0.13034915035184624
G000463355,0.00035959160090988796,0.2318840579710145,3413,k__Bacteria,p__Firmicutes,c__Bacilli,o__Lactobacillales,f__Streptococcaceae,g__Streptococcus,s__Streptococcus intermedius,t__,0.05147198367104022,0.019141397877830084,0.1311108450685775
G900113395,0.00035959160090988796,0.21739130434782608,10359,k__Bacteria,p__Firmicutes,c__Bacilli,o__Bacillales,f__Staphylococcaceae,g__Staphylococcus,s__Staphylococcus epidermidis,t__,0.05147198367104022,0.019141397877830084,0.1311108450685775
G000026325,0.0003636319559762912,0.18840579710144928,552,k__Bacteria,p__Proteobacteria,c__Gammaproteobacteria,o__Enterobacterales,f__Enterobacteriaceae,g__Escherichia,s__Escherichia coli,t__,0.052036503205358686,0.019450805065227172,0.13187093452494913
G001028645,0.0003676723110426944,0.2028985507246377,5873,k__Bacteria,p__Firmicutes,c__Bacilli,o__Bacillales,f__Staphylococcaceae,g__Staphylococcus,s__Staphylococcus capitis,t__Staphylococcus capitis subsp. capitis,0.05260071978282599,0.019761227128559662,0.13262943514591038
G001514435,0.0003878740863747106,0.2463768115942029,7050,k__Bacteria,p__Firmicutes,c__Bacilli,o__Lactobacillales,f__Streptococcaceae,g__Streptococcus,s__Streptococcus thermophilus,t__,0.055417263015193896,0.021328018453993652,0.13639865674992016
G001428745,0.0003999951515739203,0.5942028985507246,6556,k__Bacteria,p__Actinobacteria,c__Actinobacteria,o__Micrococcales,f__Microbacteriaceae,g__Leifsonia,s__Leifsonia sp. Root227,t__,0.05710356205955869,0.022279309133864986,0.13864210258260518
G000296385,0.0004080758617067268,0.18840579710144928,1813,k__Bacteria,p__Firmicutes,c__Clostridia,o__Clostridiales,f__Lachnospiraceae,g__Lachnoanaerobaculum,s__Lachnoanaerobaculum sp. OBRC5-5,t__,0.05822625245028856,0.02291794495104968,0.14013043232087566
G001471555,0.00041211621677313,0.2318840579710145,6889,k__Bacteria,p__Firmicutes,c__Bacilli,o__Bacillales,f__Staphylococcaceae,g__Staphylococcus,s__Staphylococcus capitis,t__,0.05878714535584273,0.023238556128568094,0.14087244704651233
G000318095,0.00041211621677313,0.2318840579710145,2074,k__Bacteria,p__Bacteroidetes,c__Bacteroidia,o__Bacteroidales,f__Prevotellaceae,g__Alloprevotella,s__Prevotella sp. oral taxon 473,t__,0.05878714535584273,0.023238556128568094,0.14087244704651233
G000367205,0.0004201969269059365,0.2318840579710145,2335,k__Bacteria,p__Actinobacteria,c__Actinobacteria,o__Propionibacteriales,f__Propionibacteriaceae,g__Cutibacterium,s__Cutibacterium avidum,t__,0.05990802725679778,0.02388230202567944,0.14235224047489092
G000373345,0.00042423728197233973,0.18840579710144928,2385,k__Bacteria,p__Fusobacteria,c__Fusobacteriia,o__Fusobacteriales,f__Leptotrichiaceae,g__Leptotrichia,s__Leptotrichia wadei,t__,0.06046801651984379,0.02420541228037213,0.14309004414959353
G000165735,0.00044443905730435595,0.21739130434782608,876,k__Bacteria,p__Firmicutes,c__Negativicutes,o__Veillonellales,f__Veillonellaceae,g__Megasphaera,s__Megasphaera micronuciformis,t__,0.06326345131123101,0.025832868040004453,0.14675861084004754
G001444445,0.00044443905730435595,0.2318840579710145,6773,k__Bacteria,p__Bacteroidetes,c__Bacteroidia,o__Bacteroidales,f__Prevotellaceae,g__Prevotella,s__Prevotella enoeca,t__,0.06326345131123101,0.025832868040004453,0.14675861084004754
G000008865,0.0004525197674371624,0.2028985507246377,67,k__Bacteria,p__Proteobacteria,c__Gammaproteobacteria,o__Enterobacterales,f__Enterobacteriaceae,g__Escherichia,s__Escherichia coli,t__,0.06437952234520294,0.026489197231580677,0.14821670666386338
G000613785,0.0004525197674371624,0.2318840579710145,3939,k__Bacteria,p__Bacteroidetes,c__Bacteroidia,o__Bacteroidales,f__Prevotellaceae,g__Prevotella,s__Prevotella oulorum,t__,0.06437952234520294,0.026489197231580677,0.14821670666386338
G000186165,0.00046464083263637206,0.2463768115942029,1058,k__Bacteria,p__Proteobacteria,c__Betaproteobacteria,o__Neisseriales,f__Neisseriaceae,g__Neisseria,s__Neisseria mucosa,t__,0.06605137914715098,0.027479154466817167,0.15039412474488406
G000164695,0.0005010040282340013,0.2318840579710145,867,k__Bacteria,p__Actinobacteria,c__Actinobacteria,o__Micrococcales,f__Micrococcaceae,g__Rothia,s__Rothia dentocariosa,t__,0.0710507849815184,0.0304859072770938,0.1568588736907845
G000213295,0.0005373672238316303,0.2608695652173913,1244,k__Bacteria,p__Bacteroidetes,c__Flavobacteriia,o__Flavobacteriales,f__Flavobacteriaceae,g__Capnocytophaga,s__Capnocytophaga sp. oral taxon 329,t__,0.07602601949532328,0.03354297644820002,0.16322751309307681
G001262015,0.0005414075788980336,0.2318840579710145,6055,k__Bacteria,p__Bacteroidetes,c__Bacteroidia,o__Bacteroidales,f__Prevotellaceae,g__Prevotella,s__Prevotella fusca,t__,0.07657733548608159,0.03388550197168563,0.16392946976361109
G001055885,0.0005656497092964529,0.2608695652173913,5963,k__Bacteria,p__Proteobacteria,c__Gammaproteobacteria,o__Pasteurellales,f__Pasteurellaceae,g__Haemophilus,s__Haemophilus parainfluenzae,t__,0.07987899736119375,0.035951816310082915,0.16811823798591663
G001063255,0.0005777707744956626,0.2318840579710145,5969,k__Bacteria,p__Proteobacteria,c__Betaproteobacteria,o__Neisseriales,f__Neisseriaceae,g__Morococcus,s__Morococcus cerebrosus,t__,0.08152582665211694,0.03699184509383065,0.17019816926099784
G000147675,0.0005898918396948724,0.2318840579710145,670,k__Bacteria,p__Firmicutes,c__Clostridia,o__Clostridiales,f__Peptostreptococcaceae,g__Peptostreptococcus,s__Peptostreptococcus stomatis,t__,0.0831699929501829,0.03803622388659261,0.17226870541923414
G000614025,0.0005939321947612756,0.2898550724637681,3943,k__Bacteria,p__Bacteroidetes,c__Bacteroidia,o__Bacteroidales,f__Prevotellaceae,g__Prevotella,s__Prevotella aurantiaca,t__,0.08371745722468471,0.03838528829385113,0.17295682603139187
G000296405,0.000602012904894082,0.21739130434782608,1814,k__Bacteria,p__Actinobacteria,c__Actinobacteria,o__Corynebacteriales,f__Corynebacteriaceae,g__Turicella,s__Turicella otitidis,t__,0.08481149983056147,0.039084788840304904,0.17433001708193974
G900089455,0.0006585778758237274,0.6086956521739131,10062,k__Bacteria,p__Proteobacteria,c__Betaproteobacteria,o__Burkholderiales,f__Alcaligenaceae,g__Orrella,s__Orrella dioscoreae,t__,0.09243680675081156,0.04402900663323861,0.18383213756985822
G000187465,0.0006666585859565338,0.3333333333333333,1070,k__Bacteria,p__Firmicutes,c__Bacilli,o__Lactobacillales,f__Streptococcaceae,g__Streptococcus,s__Streptococcus infantis,t__,0.09352143593840656,0.044741644467073544,0.18517435737220211
G000382385,0.0006828200062221468,0.18840579710144928,2587,k__Bacteria,p__Bacteroidetes,c__Bacteroidia,o__Bacteroidales,f__Prevotellaceae,g__Prevotella,s__Prevotella maculosa,t__,0.09568717958017858,0.04617127796543272,0.18784778039417213
G001553935,0.0007070621366205663,0.2608695652173913,7143,k__Bacteria,p__Actinobacteria,c__Actinobacteria,o__Actinomycetales,f__Actinomycetaceae,g__Actinomyces,s__Actinomyces oris,t__,0.09892702400068876,0.0483260959684394,0.1918309302087922
G000800295,0.0007232235568861791,0.2028985507246377,4858,k__Bacteria,p__Firmicutes,c__Tissierellia,o__Tissierellales,f__Peptoniphilaceae,g__Parvimonas,s__Parvimonas micra,t__,0.10108108518884151,0.04976916377892679,0.19446878621254107
G000160675,0.0007313042670189857,0.2463768115942029,836,k__Bacteria,p__Firmicutes,c__Bacilli,o__Lactobacillales,f__Carnobacteriaceae,g__Granulicatella,s__Granulicatella adiacens,t__,0.10215636840685527,0.05049255922431177,0.1957825422257941
G001536065,0.0007313042670189857,0.2463768115942029,7084,k__Bacteria,p__Candidatus Kryptonia,c__,o__,f__,g__Candidatus Chrysopegis,s__Candidatus Chrysopegis kryptomonas,t__,0.10215636840685527,0.05049255922431177,0.1957825422257941
G000154225,0.0009616045058039701,0.2608695652173913,731,k__Bacteria,p__Actinobacteria,c__Actinobacteria,o__Actinomycetales,f__Actinomycetaceae,g__Actinomyces,s__Actinomyces odontolyticus,t__,0.13231685342865074,0.07151572948826385,0.23189917943403004
G000204235,0.0009818062811359862,0.2463768115942029,1203,k__Bacteria,p__Actinobacteria,c__Actinobacteria,o__Propionibacteriales,f__Propionibacteriaceae,g__Propionibacterium,s__Propionibacterium humerusii,t__,0.13491822511826101,0.07338835492276351,0.23495491895786963
G000158215,0.0009818062811359862,0.30434782608695654,794,k__Bacteria,p__Fusobacteria,c__Fusobacteriia,o__Fusobacteriales,f__Fusobacteriaceae,g__Fusobacterium,s__Fusobacterium periodonticum,t__,0.13491822511826101,0.07338835492276351,0.23495491895786963
G000191065,0.0009858466362023895,0.2463768115942029,1104,k__Bacteria,p__Bacteroidetes,c__Bacteroidia,o__Bacteroidales,f__Prevotellaceae,g__Prevotella,s__Prevotella multiformis,t__,0.13543765048914436,0.07376328743569428,0.23556405104691708
G000785515,0.0009898869912687927,0.30434782608695654,4821,k__Bacteria,p__Firmicutes,c__Bacilli,o__Lactobacillales,f__Streptococcaceae,g__Streptococcus,s__Streptococcus salivarius,t__,0.13595679317191656,0.0741383512396625,0.23617251628509667
G000613925,0.0010302905419328251,0.30434782608695654,3942,k__Bacteria,p__Bacteroidetes,c__Bacteroidia,o__Bacteroidales,f__Prevotellaceae,g__Prevotella,s__Prevotella histicola,t__,0.14113270048685178,0.07789580089622483,0.2422209549375441
G000164675,0.0010585730273976477,0.34782608695652173,866,k__Bacteria,p__Firmicutes,c__Bacilli,o__Lactobacillales,f__Streptococcaceae,g__Streptococcus,s__Streptococcus parasanguinis,t__,0.14473909223443837,0.0805327485341998,0.24641640836929563
G000469305,0.0012201872300537772,0.6811594202898551,3448,k__Bacteria,p__Firmicutes,c__Erysipelotrichia,o__Erysipelotrichales,f__Erysipelotrichaceae,g__Faecalitalea,s__Faecalitalea cylindroides,t__,0.16508481570301692,0.09567932524415793,0.2698153232532836
G001553215,0.0012242275851201804,0.3188405797101449,7138,k__Bacteria,p__Bacteroidetes,c__Bacteroidia,o__Bacteroidales,f__Porphyromonadaceae,g__Porphyromonas,s__Porphyromonas somerae,t__,0.1655877817992092,0.09605924211297769,0.27038828847109797
G000027165,0.0014020032080419229,0.4492753623188406,557,k__Bacteria,p__Firmicutes,c__Bacilli,o__Lactobacillales,f__Streptococcaceae,g__Streptococcus,s__Streptococcus mitis,t__,0.18744768744626816,0.11280366693906131,0.2950580119629378
G001683355,0.0016929087728229555,0.391304347826087,7691,k__Bacteria,p__Bacteroidetes,c__Bacteroidia,o__Bacteroidales,f__Prevotellaceae,g__Prevotella,s__Prevotella scopos,t__,0.22209739225910152,0.14018087504782603,0.3333255526220621
G000344275,0.002129267119994505,0.42028985507246375,2270,k__Bacteria,p__Firmicutes,c__Bacilli,o__Lactobacillales,f__Streptococcaceae,g__Streptococcus,s__Streptococcus oralis,t__Streptococcus oralis subsp. tigurinus,0.2715519847250514,0.18075426935521197,0.38644514402355357
G001429825,0.0025858272424980704,0.7246376811594203,6571,k__Bacteria,p__Firmicutes,c__Bacilli,o__Bacillales,f__Bacillaceae,g__Bacillus,s__Bacillus sp. Soil531,t__,0.32020520443743616,0.2221258172121059,0.4372483607720278
G000469345,0.003292889379118637,0.7101449275362319,3450,k__Bacteria,p__Firmicutes,c__Clostridia,o__Clostridiales,f__Eubacteriaceae,g__Eubacterium,s__Eubacterium ramulus,t__,0.3896989000626342,0.283370736204728,0.5076610190924069
G000195375,0.005313066912320255,0.7391304347826086,1144,k__Bacteria,p__Firmicutes,c__Bacilli,o__Lactobacillales,f__Lactobacillaceae,g__Lactobacillus,s__Lactobacillus rhamnosus,t__,0.5537763573943533,0.4367481909615387,0.6651324885384224
G000463075,0.0003232284053122588,0.014492753623188406,3410,k__Bacteria,p__Firmicutes,c__Bacilli,o__Lactobacillales,f__Lactobacillaceae,g__Lactobacillus,s__Lactobacillus plantarum,t__,0.04637765263497029,0.016405194917249358,0.12419570805931783
G000317855,0.001046451962198438,0.057971014492753624,2068,k__Bacteria,p__Firmicutes,c__Bacilli,o__Lactobacillales,f__Streptococcaceae,g__Streptococcus,s__Streptococcus dysgalactiae,t__Streptococcus dysgalactiae subsp. equisimilis,0.1431951805809316,0.0794019973766522,0.24462217955481386
G000159435,0.001062613382464051,0.07246376811594203,818,k__Bacteria,p__Firmicutes,c__Bacilli,o__Lactobacillales,f__Lactobacillaceae,g__Lactobacillus,s__Lactobacillus vaginalis,t__,0.1452531685334092,0.0809098670188056,0.24701322053361607
G000160035,0.0018424019102798756,0.14492753623188406,822,k__Bacteria,p__Firmicutes,c__Clostridia,o__Clostridiales,f__Lachnospiraceae,g__Catonella,s__Catonella morbi,t__,0.23937489370405218,0.1541699223513638,0.3520691720992975
G000008925,0.0018989668812095207,0.08695652173913043,69,k__Bacteria,p__Firmicutes,c__Bacilli,o__Lactobacillales,f__Lactobacillaceae,g__Lactobacillus,s__Lactobacillus salivarius,t__,0.24582053344909405,0.159441522282673,0.35900900092321625
G000938305,0.002505020141170006,0.14492753623188406,5067,k__Bacteria,p__Proteobacteria,c__Alphaproteobacteria,o__Rhizobiales,f__Bradyrhizobiaceae,g__Bradyrhizobium,s__Bradyrhizobium sp. LTSP885,t__,0.3118169206336664,0.21489911114404925,0.4285832494099898
G001007605,0.002965620618739975,0.10144927536231885,5799,k__Bacteria,p__Proteobacteria,c__Gammaproteobacteria,o__Pasteurellales,f__Pasteurellaceae,g__Haemophilus,s__Haemophilus influenzae,t__,0.3583881460728938,0.2554820028189756,0.47623073113318015
G000968335,0.0029898627491383944,0.13043478260869565,5191,k__Bacteria,p__Proteobacteria,c__Gammaproteobacteria,o__Pasteurellales,f__Pasteurellaceae,g__Haemophilus,s__Haemophilus influenzae,t__,0.3607571604175842,0.25757561415584196,0.4786252778433956
G001276545,0.00302218558966962,0.13043478260869565,6110,k__Bacteria,p__Proteobacteria,c__Gammaproteobacteria,o__Pasteurellales,f__Pasteurellaceae,g__Haemophilus,s__Haemophilus influenzae,t__,0.36390334008704617,0.260360274191661,0.48180113536742536
G000193395,0.003466624646973976,0.2753623188405797,1129,k__Bacteria,p__Bacteroidetes,c__Bacteroidia,o__Bacteroidales,f__Prevotellaceae,g__Prevotella,s__Prevotella denticola,t__,0.4057431122747581,0.2978401960525395,0.5235877281451018
G000463665,0.003737328436422993,0.2463768115942029,3416,k__Bacteria,p__Actinobacteria,c__Actinobacteria,o__Propionibacteriales,f__Propionibacteriaceae,g__Cutibacterium,s__Cutibacterium granulosum,t__,0.4299688706685675,0.3199110228835331,0.5474132179512471
G000027305,0.0037494495016222023,0.13043478260869565,559,k__Bacteria,p__Proteobacteria,c__Gammaproteobacteria,o__Pasteurellales,f__Pasteurellaceae,g__Haemophilus,s__Haemophilus influenzae,t__,0.43103198278556354,0.3208856255847197,0.5484527082476568
G001485645,0.0037817723421534285,0.2898550724637681,6930,k__Bacteria,p__Candidatus Kryptonia,c__,o__,f__,g__Candidatus Kryptobacter,s__Candidatus Kryptobacter tengchongensis,t__,0.4338580052702399,0.3234788233903455,0.5512134820565388
G000091765,0.004068637551868058,0.10144927536231885,596,k__Bacteria,p__Firmicutes,c__Bacilli,o__Lactobacillales,f__Lactobacillaceae,g__Lactobacillus,s__Lactobacillus crispatus,t__,0.4583767283335797,0.34612635438963896,0.5750172967266105
G000185845,0.005466600404843577,0.36231884057971014,1052,k__Bacteria,p__Bacteroidetes,c__Bacteroidia,o__Bacteroidales,f__Prevotellaceae,g__Prevotella,s__Prevotella salivae,t__,0.5643973902617319,0.44708397296328983,0.6749185239663058
G000220235,0.00691708787368234,0.30434782608695654,1314,k__Bacteria,p__Bacteroidetes,c__Bacteroidia,o__Bacteroidales,f__Prevotellaceae,g__Prevotella,s__Prevotella nigrescens,t__,0.6537333269003553,0.5360646519958774,0.7551870534988214
G000144405,0.007886773089619116,0.5072463768115942,638,k__Bacteria,p__Bacteroidetes,c__Bacteroidia,o__Bacteroidales,f__Prevotellaceae,g__Prevotella,s__Prevotella melaninogenica,t__,0.7035489941443425,0.5873889246972356,0.7982398318748255
G000309465,0.01364831941431013,0.391304347826087,1953,k__Bacteria,p__Tenericutes,c__Mollicutes,o__Acholeplasmatales,f__Acholeplasmataceae,g__Candidatus Phytoplasma,s__Poinsettia branch-inducing phytoplasma,t__,0.8854807462670541,0.7892497927439904,0.9410533045045298
G000309485,0.014056395276016856,0.391304347826087,1954,k__Bacteria,p__Tenericutes,c__Mollicutes,o__Acholeplasmatales,f__Acholeplasmataceae,g__Candidatus Phytoplasma,s__Milkweed yellows phytoplasma,t__,0.89312211137517,0.7984720107227364,0.9463078474527685
G001293525,0.015167492919277747,0.391304347826087,6165,k__Bacteria,p__Proteobacteria,c__Betaproteobacteria,o__Burkholderiales,f__,g__Ideonella,s__Ideonella sakaiensis,t__,0.9115341623760989,0.8211014997015842,0.9585604583009266
G000613505,0.01664626287358133,0.36231884057971014,3938,k__Bacteria,p__Bacteroidetes,c__Bacteroidia,o__Bacteroidales,f__Prevotellaceae,g__Prevotella,s__Prevotella oris,t__,0.9313737059876154,0.8462677554807713,0.9709807234771856
G000145515,0.0243512199852123,0.2608695652173913,653,k__Bacteria,p__Actinobacteria,c__Actinobacteria,o__Propionibacteriales,f__Propionibacteriaceae,g__Cutibacterium,s__Cutibacterium acnes,t__,0.9824196449789171,0.9175052578427783,0.9964510533696087
G000144735,0.024714851941188592,0.2898550724637681,644,k__Bacteria,p__Actinobacteria,c__Actinobacteria,o__Propionibacteriales,f__Propionibacteriaceae,g__Cutibacterium,s__Cutibacterium acnes,t__,0.9835384351540868,0.9192549328147321,0.9968209548953397
G000145555,0.025191613839024175,0.30434782608695654,654,k__Bacteria,p__Actinobacteria,c__Actinobacteria,o__Propionibacteriales,f__Propionibacteriaceae,g__Cutibacterium,s__Cutibacterium acnes,t__,0.9849009883390932,0.921405000101137,0.9972522793407194
G000008345,0.025825949584449483,0.2608695652173913,51,k__Bacteria,p__Actinobacteria,c__Actinobacteria,o__Propionibacteriales,f__Propionibacteriaceae,g__Cutibacterium,s__Cutibacterium acnes,t__,0.9865450506099429,0.9240292928528717,0.9977427044577705
G000379145,0.026759271604788627,0.17391304347826086,2501,k__Bacteria,p__Proteobacteria,c__Alphaproteobacteria,o__Rhizobiales,f__Bradyrhizobiaceae,g__Bradyrhizobium,s__Bradyrhizobium elkanii,t__,0.9886518130866899,0.9274446463472548,0.998318666163523
G001046855,0.05424580712152984,0.9420289855072463,5929,k__Bacteria,p__Actinobacteria,c__Actinobacteria,o__Micrococcales,f__Intrasporangiaceae,g__Tetrasphaera,s__Tetrasphaera japonica,t__,0.9999441088077757,0.9471569105205161,0.9999999440024531
G001747495,0.07449202635927646,0.8405797101449275,7856,k__Bacteria,p__Bacteroidetes,c__Flavobacteriia,o__Flavobacteriales,f__Flavobacteriaceae,g__Cloacibacterium,s__Cloacibacterium normanense,t__,0.9999991629342385,0.9472611559811167,0.9999999999874148
G001618265,0.1388670036322792,0.8115942028985508,7468,k__Bacteria,p__Chlamydiae,c__Chlamydiia,o__Parachlamydiales,f__Waddliaceae,g__Waddlia,s__Waddlia chondrophila,t__,0.9999999999995559,0.947262741810107,1.0
G001560465,0.22287406617293526,0.8260869565217391,7179,k__Archaea,p__Crenarchaeota,c__Thermoprotei,o__Sulfolobales,f__Sulfolobaceae,g__Sulfolobus,s__Sulfolobus acidocaldarius,t__,1.0,0.9472627418109483,1.0
